id_provincia,mes,categoria,precio_mediano_n1
1,1,paisaje naturaleza,529.665
1,1,paisaje urbano,526.17
1,1,vida nocturna,596.33
1,2,paisaje naturaleza,315.4
1,2,paisaje urbano,60.0
1,2,vida nocturna,308.625
1,3,paisaje naturaleza,785.0
1,3,paisaje urbano,1572.57
1,3,vida nocturna,331.2
1,4,comida y bebida,30.0
1,4,paisaje naturaleza,692.5
1,4,paisaje urbano,315.2
1,4,servicios,30.0
1,4,vida nocturna,878.67
1,5,paisaje naturaleza,271.265
1,5,paisaje urbano,483.0
1,5,servicios,65.0
1,5,vida nocturna,831.0
1,6,paisaje naturaleza,492.635
1,6,servicios,344.0
1,6,vida nocturna,930.8
1,7,comida y bebida,625.5
1,7,compras,5882.0
1,7,paisaje naturaleza,521.8
1,7,paisaje urbano,423.16499999999996
1,7,servicios,7353.0
1,7,vida nocturna,1239.33
1,8,paisaje urbano,703.18
1,8,servicios,7353.0
1,8,vida nocturna,50.0
1,9,comida y bebida,415.0
1,9,paisaje naturaleza,2501.65
1,9,paisaje urbano,1465.855
1,9,servicios,3853.5
1,9,vida nocturna,750.6
1,10,comida y bebida,345.0
1,10,paisaje naturaleza,2008.93
1,10,paisaje urbano,497.78
1,10,servicios,345.0
1,10,vida nocturna,1005.875
1,11,comida y bebida,226.67
1,11,paisaje naturaleza,328.29
1,11,vida nocturna,406.0
1,12,otros,4333.0
1,12,paisaje naturaleza,1073.07
1,12,paisaje urbano,479.29
1,12,servicios,100.0
2,1,comida y bebida,939.0
2,1,paisaje naturaleza,905.0
2,1,paisaje urbano,691.915
2,1,vida nocturna,1533.5
2,2,comida y bebida,1087.0
2,2,vida nocturna,806.785
2,3,comida y bebida,483.0
2,3,paisaje urbano,1151.75
2,3,vida nocturna,1303.85
2,4,comida y bebida,814.67
2,4,paisaje urbano,1016.875
2,4,vida nocturna,649.0
2,5,comida y bebida,517.5
2,5,paisaje naturaleza,534.0
2,5,paisaje urbano,1109.71
2,5,vida nocturna,820.335
2,6,paisaje naturaleza,2358.165
2,6,vida nocturna,878.75
2,7,comida y bebida,140.0
2,7,paisaje naturaleza,1979.75
2,7,paisaje urbano,827.86
2,7,servicios,35.0
2,7,vida nocturna,1041.0
2,8,comida y bebida,138.0
2,8,paisaje naturaleza,1003.75
2,8,vida nocturna,545.5
2,9,comida y bebida,735.5
2,9,paisaje naturaleza,3034.0
2,9,paisaje urbano,781.0
2,9,vida nocturna,1470.5
2,10,comida y bebida,1136.5
2,10,paisaje naturaleza,335.0
2,10,paisaje urbano,814.33
2,10,servicios,231.0
2,10,vida nocturna,1218.19
2,11,paisaje naturaleza,698.0
2,11,paisaje urbano,851.0
2,11,vida nocturna,1256.5
2,12,paisaje naturaleza,493.0
2,12,paisaje urbano,810.67
2,12,servicios,150.0
2,12,vida nocturna,1445.165
3,1,compras,904.0
3,1,otros,502.0
3,1,paisaje naturaleza,340.0
3,1,paisaje urbano,869.08
3,1,vida nocturna,785.6
3,2,comida y bebida,173.33
3,2,compras,923.0
3,2,otros,923.0
3,2,paisaje naturaleza,2947.4
3,2,servicios,8979.5
3,2,vida nocturna,876.25
3,3,compras,580.0
3,3,otros,3128.5
3,3,vida nocturna,866.25
3,4,comida y bebida,1624.0
3,4,otros,580.0
3,4,paisaje naturaleza,258.25
3,4,paisaje urbano,1539.77
3,4,servicios,674.67
3,4,vida nocturna,826.835
3,5,comida y bebida,1241.0
3,5,paisaje naturaleza,1191.83
3,5,servicios,30.0
3,5,vida nocturna,102.0
3,6,paisaje naturaleza,408.5
3,6,paisaje urbano,2279.2
3,6,vida nocturna,851.33
3,7,paisaje naturaleza,1160.5
3,7,paisaje urbano,766.25
3,7,servicios,1515.0
3,7,vida nocturna,153.33
3,8,comida y bebida,688.5
3,8,paisaje naturaleza,3286.0
3,8,paisaje urbano,1504.665
3,8,servicios,2984.5
3,8,vida nocturna,985.7
3,9,comida y bebida,1517.0
3,9,otros,260.0
3,9,paisaje naturaleza,2904.05
3,9,paisaje urbano,1494.85
3,9,servicios,16697.0
3,9,vida nocturna,462.17
3,10,comida y bebida,1775.0
3,10,otros,260.0
3,10,paisaje naturaleza,1410.23
3,10,paisaje urbano,5463.0
3,10,vida nocturna,381.78
3,11,comida y bebida,2766.33
3,11,compras,3088.0
3,11,otros,2047.5
3,11,paisaje naturaleza,1236.715
3,11,paisaje urbano,3629.575
3,11,servicios,3938.2
3,11,vida nocturna,594.56
3,12,comida y bebida,760.5
3,12,compras,80.0
3,12,otros,545.5
3,12,paisaje naturaleza,769.54
3,12,paisaje urbano,643.06
3,12,servicios,1433.25
3,12,vida nocturna,456.605
4,1,paisaje naturaleza,149.5
4,1,paisaje urbano,1133.0
4,1,vida nocturna,1121.5
4,2,paisaje naturaleza,1296.5
4,2,paisaje urbano,1143.38
4,2,vida nocturna,685.4
4,3,paisaje naturaleza,340.67
4,3,paisaje urbano,1179.67
4,3,vida nocturna,1409.0
4,4,paisaje naturaleza,384.0
4,4,paisaje urbano,1144.33
4,4,vida nocturna,1568.65
4,5,comida y bebida,160.0
4,5,paisaje naturaleza,499.33
4,5,paisaje urbano,1043.17
4,5,servicios,2505.0
4,5,vida nocturna,982.0
4,6,comida y bebida,129.0
4,6,compras,6796.0
4,6,otros,6796.0
4,6,paisaje naturaleza,494.33
4,6,paisaje urbano,984.915
4,6,vida nocturna,353.75
4,7,paisaje naturaleza,287.33
4,7,paisaje urbano,935.78
4,7,vida nocturna,610.5
4,8,paisaje naturaleza,534.75
4,8,paisaje urbano,1193.31
4,8,vida nocturna,1101.22
4,9,compras,300.0
4,9,otros,300.0
4,9,paisaje naturaleza,215.25
4,9,paisaje urbano,1114.1
4,9,servicios,410.0
4,9,vida nocturna,888.905
4,10,paisaje naturaleza,583.3
4,10,paisaje urbano,1343.5
4,10,vida nocturna,1137.67
4,11,comida y bebida,1006.0
4,11,otros,500.0
4,11,paisaje naturaleza,473.67
4,11,paisaje urbano,1224.0
4,11,vida nocturna,1105.5
4,12,otros,500.0
4,12,paisaje naturaleza,245.085
4,12,paisaje urbano,1372.91
4,12,vida nocturna,1432.15
5,1,paisaje urbano,50.0
5,1,vida nocturna,1255.5
5,2,paisaje naturaleza,1012.0
5,3,paisaje naturaleza,50.0
5,3,vida nocturna,936.5
5,6,paisaje naturaleza,7438.0
5,7,paisaje naturaleza,4366.0
5,7,paisaje urbano,1267.0
5,7,vida nocturna,1433.5
5,8,paisaje naturaleza,325.0
5,8,paisaje urbano,1269.0
5,8,vida nocturna,454.5
5,9,paisaje naturaleza,4312.0
5,9,vida nocturna,1587.0
5,10,paisaje naturaleza,1891.0
5,10,paisaje urbano,100.0
5,10,vida nocturna,1484.33
5,11,otros,7745.0
5,11,paisaje naturaleza,1450.5
5,11,paisaje urbano,1007.0
5,11,vida nocturna,994.5
5,12,otros,7745.0
5,12,paisaje naturaleza,2157.0
6,1,paisaje naturaleza,153.33
6,1,paisaje urbano,717.67
6,1,servicios,709.0
6,1,vida nocturna,1186.585
6,2,comida y bebida,40.0
6,2,paisaje naturaleza,187.5
6,2,paisaje urbano,175.62
6,2,vida nocturna,181.33
6,3,comida y bebida,40.0
6,3,paisaje naturaleza,491.71
6,3,vida nocturna,674.105
6,4,paisaje naturaleza,424.1
6,4,paisaje urbano,388.17
6,4,vida nocturna,1069.5
6,5,paisaje naturaleza,425.5
6,5,paisaje urbano,110.25
6,5,vida nocturna,516.75
6,6,paisaje naturaleza,2347.9
6,6,paisaje urbano,1479.0
6,6,vida nocturna,928.335
6,7,paisaje naturaleza,970.17
6,7,paisaje urbano,1220.71
6,7,vida nocturna,792.215
6,8,comida y bebida,80.0
6,8,paisaje naturaleza,759.78
6,8,paisaje urbano,797.67
6,8,vida nocturna,1134.09
6,9,paisaje naturaleza,318.21500000000003
6,9,paisaje urbano,270.56
6,9,vida nocturna,600.345
6,10,comida y bebida,80.0
6,10,paisaje naturaleza,491.57
6,10,vida nocturna,919.655
6,11,comida y bebida,102.5
6,11,paisaje naturaleza,850.25
6,11,paisaje urbano,587.7
6,11,vida nocturna,807.86
6,12,paisaje naturaleza,794.62
6,12,vida nocturna,1022.6600000000001
7,1,otros,3015.33
7,1,paisaje urbano,761.17
7,1,vida nocturna,1062.4
7,2,comida y bebida,2241.17
7,2,compras,250.0
7,2,otros,1983.5
7,2,paisaje naturaleza,1237.65
7,2,paisaje urbano,884.615
7,2,servicios,6330.67
7,2,vida nocturna,676.06
7,3,comida y bebida,1647.17
7,3,compras,2514.0
7,3,otros,1510.0
7,3,paisaje naturaleza,1656.225
7,3,paisaje urbano,707.935
7,3,servicios,2772.38
7,3,vida nocturna,1016.33
7,4,comida y bebida,2197.0
7,4,otros,2126.0
7,4,paisaje naturaleza,2207.67
7,4,paisaje urbano,820.25
7,4,servicios,2421.42
7,4,vida nocturna,585.625
7,5,comida y bebida,2674.73
7,5,otros,1187.5
7,5,paisaje naturaleza,1225.4
7,5,paisaje urbano,735.95
7,5,servicios,2189.0
7,5,vida nocturna,1271.6950000000002
7,6,comida y bebida,2710.75
7,6,otros,4002.0
7,6,paisaje naturaleza,1143.57
7,6,paisaje urbano,828.0
7,6,servicios,1732.5
7,6,vida nocturna,1275.5
7,7,comida y bebida,2286.0
7,7,compras,1150.0
7,7,otros,1842.25
7,7,paisaje naturaleza,1140.875
7,7,paisaje urbano,758.665
7,7,servicios,1277.0
7,7,vida nocturna,1697.71
7,8,comida y bebida,1473.46
7,8,compras,1150.0
7,8,otros,1151.5
7,8,paisaje naturaleza,1279.0
7,8,paisaje urbano,743.87
7,8,servicios,1321.0
7,8,vida nocturna,1687.41
7,9,comida y bebida,1928.55
7,9,compras,1637.0
7,9,otros,5216.33
7,9,paisaje naturaleza,1215.475
7,9,paisaje urbano,518.0
7,9,servicios,2314.85
7,9,vida nocturna,972.08
7,10,comida y bebida,2536.6
7,10,compras,250.0
7,10,otros,1161.5
7,10,paisaje naturaleza,1558.645
7,10,paisaje urbano,991.35
7,10,servicios,2983.87
7,10,vida nocturna,1349.385
7,11,comida y bebida,3154.0
7,11,paisaje naturaleza,1280.265
7,11,servicios,2537.31
7,11,vida nocturna,586.78
7,12,comida y bebida,3088.8
7,12,compras,150.0
7,12,paisaje urbano,908.1800000000001
7,12,servicios,1997.29
7,12,vida nocturna,576.895
8,1,comida y bebida,1794.2
8,1,otros,438.0
8,1,paisaje naturaleza,1316.245
8,1,paisaje urbano,861.71
8,1,servicios,3649.0
8,1,vida nocturna,682.5
8,2,comida y bebida,1207.71
8,2,paisaje naturaleza,1513.09
8,2,paisaje urbano,714.3399999999999
8,2,servicios,1429.56
8,2,vida nocturna,790.125
8,3,comida y bebida,1544.6
8,3,compras,252.0
8,3,otros,245.5
8,3,paisaje naturaleza,1976.27
8,3,paisaje urbano,803.045
8,3,servicios,3013.64
8,3,vida nocturna,704.0450000000001
8,4,comida y bebida,2031.0
8,4,paisaje naturaleza,1915.03
8,4,paisaje urbano,1166.0
8,4,servicios,3205.09
8,4,vida nocturna,1139.89
8,5,comida y bebida,1867.75
8,5,compras,3922.0
8,5,otros,2450.67
8,5,paisaje naturaleza,1049.07
8,5,paisaje urbano,829.64
8,5,servicios,2143.64
8,5,vida nocturna,860.7
8,6,otros,947.33
8,6,paisaje naturaleza,810.655
8,6,paisaje urbano,1375.2
8,6,servicios,1879.0
8,6,vida nocturna,1135.3600000000001
8,7,comida y bebida,1068.91
8,7,otros,5418.2
8,7,paisaje naturaleza,1049.02
8,7,paisaje urbano,869.6600000000001
8,7,servicios,2734.88
8,7,vida nocturna,1251.345
8,8,comida y bebida,1434.5
8,8,compras,13982.0
8,8,otros,11151.0
8,8,paisaje naturaleza,1294.215
8,8,paisaje urbano,796.375
8,8,servicios,3618.0
8,8,vida nocturna,1136.35
8,9,comida y bebida,624.12
8,9,otros,7365.8
8,9,paisaje naturaleza,1186.2
8,9,paisaje urbano,965.895
8,9,servicios,3055.75
8,9,vida nocturna,1031.92
8,10,comida y bebida,1160.62
8,10,otros,2599.62
8,10,paisaje naturaleza,1252.5
8,10,paisaje urbano,1147.25
8,10,servicios,2195.22
8,10,vida nocturna,794.17
8,11,compras,1295.0
8,11,otros,3067.57
8,11,paisaje naturaleza,1781.0549999999998
8,11,paisaje urbano,782.43
8,11,vida nocturna,802.46
8,12,otros,3624.5
8,12,paisaje naturaleza,2079.23
8,12,paisaje urbano,1169.5
8,12,servicios,2785.17
8,12,vida nocturna,797.7449999999999
9,1,paisaje urbano,65.0
9,1,vida nocturna,1460.0
9,2,vida nocturna,1597.0
9,3,vida nocturna,1984.2
9,4,paisaje urbano,132.0
9,4,vida nocturna,2660.75
9,5,vida nocturna,1929.14
9,6,paisaje naturaleza,609.0
9,6,vida nocturna,1702.83
9,7,vida nocturna,1274.2
9,8,comida y bebida,1086.0
9,8,paisaje urbano,992.33
9,8,vida nocturna,1250.3
9,9,paisaje naturaleza,504.0
9,9,paisaje urbano,262.33
9,9,vida nocturna,1021.57
9,10,paisaje naturaleza,50.0
9,10,paisaje urbano,110.0
9,10,vida nocturna,1354.29
9,11,paisaje urbano,425.0
9,11,vida nocturna,1387.71
9,12,vida nocturna,1237.57
10,1,paisaje naturaleza,686.375
10,1,paisaje urbano,1025.0
10,1,servicios,662.5
10,1,vida nocturna,938.75
10,2,comida y bebida,1063.0
10,2,paisaje urbano,532.75
10,3,comida y bebida,162.0
10,3,paisaje naturaleza,760.835
10,3,paisaje urbano,895.0
10,3,vida nocturna,743.2149999999999
10,4,comida y bebida,1621.0
10,4,paisaje naturaleza,699.165
10,4,paisaje urbano,662.6
10,4,vida nocturna,534.395
10,5,paisaje naturaleza,176.0
10,5,paisaje urbano,348.0
10,5,vida nocturna,823.54
10,6,paisaje naturaleza,1455.05
10,6,vida nocturna,756.875
10,7,paisaje naturaleza,2062.33
10,7,paisaje urbano,318.0
10,7,vida nocturna,695.7199999999999
10,8,paisaje naturaleza,1164.5
10,8,servicios,50.0
10,8,vida nocturna,1022.5
10,9,paisaje naturaleza,693.875
10,9,paisaje urbano,478.83
10,9,servicios,75.0
10,9,vida nocturna,1047.185
10,10,paisaje naturaleza,1118.81
10,10,paisaje urbano,728.86
10,10,vida nocturna,639.4449999999999
10,11,comida y bebida,491.0
10,11,paisaje naturaleza,1581.69
10,11,paisaje urbano,794.57
10,11,vida nocturna,1006.375
10,12,paisaje naturaleza,1126.33
10,12,paisaje urbano,616.0
10,12,vida nocturna,1023.325
11,1,comida y bebida,110.0
11,1,paisaje naturaleza,1769.875
11,1,paisaje urbano,1824.14
11,1,servicios,487.5
11,1,vida nocturna,1293.29
11,2,paisaje naturaleza,1809.165
11,2,paisaje urbano,1387.56
11,2,servicios,638.5
11,2,vida nocturna,1186.5
11,3,comida y bebida,1005.0
11,3,paisaje naturaleza,1774.5
11,3,paisaje urbano,1993.86
11,3,servicios,152.5
11,3,vida nocturna,830.23
11,4,comida y bebida,121.5
11,4,paisaje naturaleza,2400.0
11,4,vida nocturna,1187.29
11,5,comida y bebida,4023.5
11,5,paisaje naturaleza,849.0
11,5,paisaje urbano,806.36
11,5,servicios,2683.5
11,5,vida nocturna,1009.3
11,6,comida y bebida,2684.0
11,6,paisaje naturaleza,633.75
11,6,paisaje urbano,2180.86
11,6,vida nocturna,1011.2
11,7,comida y bebida,3204.86
11,7,paisaje naturaleza,726.415
11,7,paisaje urbano,1007.1
11,7,vida nocturna,1038.79
11,8,comida y bebida,2983.8
11,8,paisaje urbano,1336.0
11,8,servicios,150.0
11,8,vida nocturna,869.16
11,9,comida y bebida,788.33
11,9,paisaje naturaleza,1136.0
11,9,paisaje urbano,1064.22
11,9,vida nocturna,1912.0
11,10,comida y bebida,100.0
11,10,compras,300.0
11,10,otros,200.0
11,10,paisaje naturaleza,1442.975
11,10,servicios,9286.0
11,10,vida nocturna,1098.29
11,11,comida y bebida,660.5
11,11,compras,2044.0
11,11,otros,1072.0
11,11,paisaje naturaleza,1018.0
11,11,servicios,1200.0
11,11,vida nocturna,469.0
11,12,comida y bebida,1005.0
11,12,paisaje naturaleza,1609.67
11,12,paisaje urbano,1324.0
11,12,vida nocturna,1250.2150000000001
12,1,paisaje urbano,30.0
12,1,vida nocturna,1122.0
12,2,otros,1001.0
12,2,vida nocturna,1494.33
12,3,otros,100.0
12,3,paisaje naturaleza,120.0
12,3,paisaje urbano,859.0
12,3,vida nocturna,1024.33
12,4,paisaje naturaleza,1485.0
12,4,paisaje urbano,652.75
12,4,vida nocturna,568.0
12,5,paisaje naturaleza,1358.0
12,5,paisaje urbano,608.0
12,6,comida y bebida,967.0
12,6,paisaje urbano,85.5
12,6,vida nocturna,1640.09
12,7,paisaje naturaleza,1564.0
12,7,vida nocturna,1437.0
12,8,comida y bebida,504.0
12,8,paisaje naturaleza,1765.0
12,8,paisaje urbano,140.0
12,8,vida nocturna,1484.14
12,9,paisaje naturaleza,165.0
12,9,vida nocturna,1099.6
12,10,paisaje naturaleza,162.5
12,10,paisaje urbano,938.67
12,10,vida nocturna,577.7850000000001
12,11,paisaje naturaleza,1269.665
12,11,paisaje urbano,1737.0
12,11,vida nocturna,713.57
12,12,paisaje naturaleza,1975.25
12,12,paisaje urbano,989.5
12,12,vida nocturna,927.6
13,1,paisaje urbano,670.33
13,1,vida nocturna,1088.57
13,2,paisaje urbano,930.75
13,2,vida nocturna,1220.67
13,3,paisaje urbano,1175.33
13,3,vida nocturna,922.57
13,4,compras,16335.0
13,4,otros,16335.0
13,4,paisaje naturaleza,130.0
13,4,paisaje urbano,951.5
13,4,vida nocturna,1140.0
13,5,compras,14659.0
13,5,otros,14659.0
13,5,paisaje naturaleza,693.0
13,5,paisaje urbano,1256.0
13,5,vida nocturna,994.44
13,6,compras,14117.0
13,6,paisaje urbano,1762.0
13,6,vida nocturna,766.29
13,7,compras,172.0
13,7,otros,172.0
13,7,paisaje naturaleza,1345.33
13,7,paisaje urbano,1107.0
13,7,vida nocturna,1346.64
13,8,compras,1863.0
13,8,paisaje naturaleza,2056.0
13,8,paisaje urbano,1405.5
13,8,vida nocturna,1063.38
13,9,compras,1732.0
13,9,otros,1732.0
13,9,paisaje naturaleza,849.0
13,9,paisaje urbano,663.0
13,9,vida nocturna,984.575
13,10,compras,2031.0
13,10,otros,2881.67
13,10,paisaje naturaleza,661.0
13,10,paisaje urbano,1774.0
13,10,vida nocturna,921.62
13,11,compras,451.0
13,11,paisaje naturaleza,1180.5
13,11,paisaje urbano,652.0
13,11,vida nocturna,889.75
13,12,otros,16585.0
13,12,paisaje naturaleza,541.0
13,12,vida nocturna,1004.0
14,1,otros,200.0
14,1,paisaje naturaleza,1044.5
14,1,paisaje urbano,916.33
14,1,vida nocturna,1969.0
14,2,paisaje naturaleza,603.0
14,2,paisaje urbano,968.2
14,2,vida nocturna,631.0
14,3,otros,100.0
14,3,paisaje naturaleza,1016.5
14,3,paisaje urbano,1196.4
14,3,vida nocturna,542.0
14,4,otros,775.0
14,4,paisaje naturaleza,88.0
14,4,paisaje urbano,761.5
14,4,servicios,105.0
14,4,vida nocturna,818.6
14,5,paisaje urbano,783.5
14,5,vida nocturna,865.415
14,6,otros,55.0
14,6,paisaje naturaleza,58.0
14,6,vida nocturna,1505.5
14,7,paisaje naturaleza,1213.5
14,7,vida nocturna,1450.73
14,8,paisaje naturaleza,986.165
14,8,paisaje urbano,1439.0
14,8,vida nocturna,1133.725
14,9,paisaje urbano,1363.33
14,9,vida nocturna,1093.945
14,10,paisaje naturaleza,1467.0
14,10,paisaje urbano,1379.0
14,10,vida nocturna,845.835
14,11,paisaje naturaleza,1015.33
14,11,paisaje urbano,975.4
14,11,vida nocturna,871.4449999999999
14,12,paisaje naturaleza,459.33
14,12,paisaje urbano,1009.67
14,12,vida nocturna,1241.5
15,1,otros,2714.0
15,1,paisaje naturaleza,480.33
15,1,paisaje urbano,568.0
15,1,servicios,1167.0
15,1,vida nocturna,1355.75
15,2,otros,340.0
15,2,paisaje naturaleza,835.5
15,2,paisaje urbano,883.67
15,2,vida nocturna,386.0
15,3,paisaje naturaleza,494.25
15,3,paisaje urbano,579.67
15,3,servicios,183.0
15,3,vida nocturna,1043.35
15,4,paisaje naturaleza,673.0
15,4,paisaje urbano,364.0
15,4,servicios,200.0
15,4,vida nocturna,1150.75
15,5,comida y bebida,1075.0
15,5,paisaje naturaleza,796.5
15,5,servicios,115.0
15,5,vida nocturna,981.47
15,6,comida y bebida,120.0
15,6,otros,1975.0
15,6,paisaje naturaleza,791.0
15,6,paisaje urbano,676.5
15,6,servicios,30.0
15,6,vida nocturna,432.0
15,7,paisaje urbano,3930.0
15,7,vida nocturna,1068.95
15,8,paisaje naturaleza,100.0
15,8,paisaje urbano,678.75
15,8,servicios,6477.0
15,8,vida nocturna,805.0
15,9,comida y bebida,80.0
15,9,paisaje naturaleza,542.25
15,9,paisaje urbano,568.11
15,9,servicios,3922.0
15,9,vida nocturna,916.81
15,10,comida y bebida,190.5
15,10,paisaje naturaleza,322.33
15,10,servicios,3775.33
15,10,vida nocturna,801.9000000000001
15,11,paisaje urbano,646.89
15,11,servicios,3908.0
15,11,vida nocturna,1887.105
15,12,paisaje naturaleza,676.165
15,12,paisaje urbano,610.86
15,12,servicios,415.0
15,12,vida nocturna,2161.82
16,1,vida nocturna,668.5
16,2,paisaje urbano,1199.0
16,2,vida nocturna,479.6
16,3,paisaje urbano,750.75
16,3,servicios,9755.0
16,3,vida nocturna,897.0
16,5,vida nocturna,1105.5
16,6,paisaje naturaleza,500.0
16,6,paisaje urbano,60.0
16,7,comida y bebida,1016.5
16,7,otros,1661.0
16,7,paisaje naturaleza,1004.5
16,7,paisaje urbano,717.0
16,7,vida nocturna,1411.8
16,8,paisaje naturaleza,452.5
16,8,paisaje urbano,999.33
16,8,vida nocturna,672.33
16,9,paisaje naturaleza,100.0
16,9,paisaje urbano,150.0
16,9,vida nocturna,1157.5
16,10,paisaje urbano,1296.0
16,10,vida nocturna,492.665
16,11,paisaje naturaleza,30.0
16,11,paisaje urbano,1296.0
16,11,vida nocturna,499.665
16,12,paisaje naturaleza,50.0
16,12,paisaje urbano,673.0
16,12,vida nocturna,1574.67
17,1,comida y bebida,1527.0
17,1,paisaje naturaleza,769.88
17,1,paisaje urbano,284.29
17,1,servicios,150.0
17,1,vida nocturna,3296.09
17,2,paisaje naturaleza,352.355
17,2,paisaje urbano,767.86
17,2,servicios,1580.33
17,2,vida nocturna,330.67
17,3,comida y bebida,212.5
17,3,paisaje naturaleza,1476.625
17,3,servicios,1659.67
17,3,vida nocturna,1529.295
17,4,comida y bebida,505.0
17,4,paisaje naturaleza,1505.0
17,4,paisaje urbano,454.22
17,4,servicios,958.2
17,4,vida nocturna,992.5
17,5,paisaje naturaleza,1878.5
17,5,paisaje urbano,656.22
17,5,servicios,175.0
17,5,vida nocturna,242.5
17,6,paisaje naturaleza,1338.165
17,6,paisaje urbano,279.6
17,6,vida nocturna,851.0
17,7,comida y bebida,1338.75
17,7,paisaje naturaleza,1794.335
17,7,servicios,650.0
17,7,vida nocturna,665.8
17,8,paisaje naturaleza,1978.835
17,8,paisaje urbano,3258.86
17,8,vida nocturna,1277.85
17,9,comida y bebida,806.12
17,9,paisaje naturaleza,471.0
17,9,paisaje urbano,1260.9
17,9,servicios,453.0
17,9,vida nocturna,330.0
17,10,comida y bebida,1156.8
17,10,paisaje naturaleza,662.4449999999999
17,10,paisaje urbano,373.235
17,10,servicios,1046.0
17,10,vida nocturna,1227.62
17,11,comida y bebida,899.5
17,11,paisaje naturaleza,653.855
17,11,paisaje urbano,407.56
17,11,servicios,1215.0
17,11,vida nocturna,378.5
17,12,comida y bebida,1004.0
17,12,paisaje naturaleza,494.0
17,12,paisaje urbano,685.3
17,12,servicios,18423.5
17,12,vida nocturna,676.5
18,1,paisaje naturaleza,601.67
18,1,paisaje urbano,958.4
18,1,vida nocturna,996.38
18,2,comida y bebida,1236.0
18,2,otros,3922.0
18,2,paisaje urbano,812.0
18,2,vida nocturna,948.27
18,3,comida y bebida,1454.0
18,3,paisaje naturaleza,1031.75
18,3,paisaje urbano,943.0
18,3,servicios,130.0
18,3,vida nocturna,891.435
18,4,paisaje naturaleza,496.71
18,4,vida nocturna,881.915
18,5,comida y bebida,1237.0
18,5,paisaje urbano,417.6
18,5,vida nocturna,808.5
18,6,otros,680.0
18,6,paisaje naturaleza,2123.67
18,6,paisaje urbano,1594.2
18,6,vida nocturna,1550.19
18,7,comida y bebida,720.0
18,7,paisaje urbano,1146.0
18,7,servicios,150.0
18,7,vida nocturna,779.885
18,8,comida y bebida,782.67
18,8,paisaje naturaleza,518.0
18,8,paisaje urbano,1241.665
18,8,vida nocturna,657.25
18,9,comida y bebida,1003.0
18,9,otros,515.0
18,9,paisaje naturaleza,792.25
18,9,paisaje urbano,909.2
18,9,servicios,120.0
18,9,vida nocturna,404.25
18,10,paisaje naturaleza,1404.1
18,10,servicios,329.0
18,10,vida nocturna,1300.75
18,11,comida y bebida,55.0
18,11,paisaje naturaleza,1066.665
18,11,paisaje urbano,419.75
18,11,servicios,355.0
18,11,vida nocturna,1081.32
18,12,comida y bebida,537.0
18,12,paisaje naturaleza,2430.43
18,12,paisaje urbano,968.0450000000001
18,12,servicios,2888.5
18,12,vida nocturna,901.435
19,1,vida nocturna,1503.5
19,2,paisaje naturaleza,1102.5
19,2,vida nocturna,1519.0
19,3,paisaje naturaleza,1875.0
19,3,vida nocturna,1457.67
19,4,paisaje naturaleza,85.5
19,5,paisaje naturaleza,61.5
19,5,vida nocturna,871.0
19,6,paisaje urbano,747.25
19,6,vida nocturna,529.0
19,7,paisaje naturaleza,313.0
19,7,paisaje urbano,197.67
19,7,vida nocturna,1121.25
19,8,vida nocturna,2757.0
19,9,vida nocturna,976.4
19,10,paisaje naturaleza,2534.0
19,11,comida y bebida,619.0
19,11,paisaje naturaleza,784.5
19,11,paisaje urbano,366.75
19,11,vida nocturna,946.0
19,12,comida y bebida,604.0
19,12,paisaje naturaleza,937.67
19,12,paisaje urbano,343.4
20,1,paisaje naturaleza,837.0
20,1,vida nocturna,613.955
20,2,paisaje naturaleza,246.25
20,2,paisaje urbano,663.38
20,2,vida nocturna,750.28
20,3,paisaje naturaleza,434.75
20,3,paisaje urbano,582.73
20,3,servicios,475.0
20,3,vida nocturna,351.0
20,4,paisaje naturaleza,1417.25
20,4,paisaje urbano,513.27
20,4,servicios,1163.75
20,4,vida nocturna,497.0
20,5,paisaje naturaleza,1508.2350000000001
20,5,servicios,769.25
20,5,vida nocturna,1144.82
20,6,paisaje naturaleza,1281.875
20,6,paisaje urbano,575.2
20,6,vida nocturna,774.21
20,7,paisaje naturaleza,578.5
20,7,paisaje urbano,823.57
20,7,servicios,275.0
20,7,vida nocturna,1346.3
20,8,paisaje naturaleza,1129.375
20,8,paisaje urbano,1165.0
20,8,servicios,475.0
20,8,vida nocturna,673.67
20,9,comida y bebida,1037.0
20,9,servicios,1522.0
20,10,paisaje naturaleza,1016.085
20,10,paisaje urbano,532.17
20,10,servicios,744.0
20,10,vida nocturna,1043.46
20,11,paisaje naturaleza,1522.365
20,11,paisaje urbano,808.68
20,11,servicios,1728.25
20,11,vida nocturna,842.08
20,12,otros,952.0
20,12,paisaje naturaleza,1730.165
20,12,paisaje urbano,568.93
20,12,servicios,506.5
20,12,vida nocturna,1158.28
21,1,paisaje naturaleza,499.0
21,1,paisaje urbano,499.0
21,2,paisaje urbano,119.0
21,2,vida nocturna,422.0
21,3,vida nocturna,441.33
21,4,vida nocturna,1506.0
21,5,vida nocturna,1831.0
21,6,paisaje naturaleza,976.0
21,6,paisaje urbano,1257.0
21,6,vida nocturna,1807.0
21,7,paisaje naturaleza,1166.915
21,7,paisaje urbano,1437.0
21,8,paisaje naturaleza,170.0
21,8,paisaje urbano,170.0
21,9,paisaje naturaleza,2013.0
21,10,paisaje naturaleza,5222.0
21,10,vida nocturna,393.33
21,11,paisaje naturaleza,582.4
21,11,paisaje urbano,523.365
21,11,vida nocturna,659.125
21,12,paisaje naturaleza,477.0
21,12,paisaje urbano,429.875
21,12,vida nocturna,704.67
22,1,paisaje urbano,520.67
22,1,vida nocturna,1252.25
22,2,vida nocturna,1008.7
22,3,paisaje urbano,959.33
22,3,vida nocturna,804.0
22,4,paisaje urbano,624.5
22,4,vida nocturna,50.0
22,5,paisaje urbano,619.75
22,5,vida nocturna,678.2
22,6,comida y bebida,505.33
22,6,paisaje naturaleza,479.0
22,6,servicios,250.0
22,6,vida nocturna,685.0
22,7,otros,2941.0
22,7,paisaje naturaleza,492.4
22,7,paisaje urbano,674.67
22,7,servicios,250.0
22,7,vida nocturna,1241.83
22,8,comida y bebida,1375.75
22,8,paisaje naturaleza,697.2
22,8,paisaje urbano,809.5
22,8,vida nocturna,1120.46
22,9,vida nocturna,50.0
22,10,servicios,90.0
22,10,vida nocturna,1019.75
22,11,otros,2220.0
22,11,paisaje naturaleza,301.5
22,11,servicios,88.0
22,11,vida nocturna,595.31
22,12,otros,1970.0
22,12,paisaje naturaleza,618.67
22,12,vida nocturna,1205.58
23,1,paisaje naturaleza,300.0
23,1,vida nocturna,754.0
23,2,paisaje naturaleza,270.0
23,2,vida nocturna,1015.17
23,3,comida y bebida,250.0
23,3,paisaje urbano,1502.5
23,3,servicios,981.0
23,3,vida nocturna,1496.075
23,4,comida y bebida,100.0
23,4,paisaje naturaleza,2103.0
23,4,paisaje urbano,647.0
23,4,servicios,150.0
23,4,vida nocturna,1788.0
23,5,paisaje naturaleza,2570.5
23,5,paisaje urbano,1587.0
23,5,vida nocturna,1402.925
23,6,paisaje urbano,350.0
23,6,vida nocturna,1657.0
23,7,paisaje naturaleza,2602.665
23,7,servicios,989.0
23,7,vida nocturna,1620.47
23,8,paisaje naturaleza,895.0
23,8,servicios,982.0
23,8,vida nocturna,1168.41
23,9,compras,50.0
23,9,otros,50.0
23,9,paisaje naturaleza,5224.5
23,9,paisaje urbano,1701.25
23,9,vida nocturna,1347.77
23,10,paisaje naturaleza,1627.0
23,10,paisaje urbano,625.33
23,10,servicios,500.0
23,10,vida nocturna,897.7
23,11,paisaje naturaleza,200.0
23,11,paisaje urbano,498.33
23,11,servicios,500.0
23,11,vida nocturna,559.0
23,12,paisaje naturaleza,1876.5
23,12,paisaje urbano,520.67
23,12,servicios,1205.0
23,12,vida nocturna,1309.69
24,1,paisaje naturaleza,160.0
24,1,paisaje urbano,275.0
24,1,vida nocturna,275.0
24,2,otros,5392.0
24,2,paisaje naturaleza,1565.0
24,2,vida nocturna,1133.67
24,3,otros,5392.0
24,3,paisaje naturaleza,562.0
24,3,vida nocturna,965.4
24,4,paisaje naturaleza,1490.0
24,5,paisaje naturaleza,548.0
24,5,vida nocturna,1365.0
24,6,comida y bebida,1092.5
24,6,paisaje naturaleza,951.25
24,6,paisaje urbano,1639.0
24,6,vida nocturna,1267.145
24,7,comida y bebida,1049.5
24,7,paisaje naturaleza,977.5
24,7,vida nocturna,1003.0
24,8,comida y bebida,1136.5
24,8,vida nocturna,1143.75
24,9,paisaje naturaleza,1167.25
24,9,vida nocturna,894.0
24,10,compras,332.0
24,10,otros,332.0
24,10,paisaje naturaleza,1189.0
24,10,paisaje urbano,250.0
24,10,vida nocturna,961.0
24,11,paisaje naturaleza,1360.5
24,11,servicios,100.0
24,11,vida nocturna,1129.29
24,12,paisaje naturaleza,1489.0
24,12,paisaje urbano,275.0
24,12,vida nocturna,716.25
25,1,paisaje urbano,492.0
25,1,vida nocturna,1002.42
25,2,otros,280.0
25,2,paisaje urbano,150.0
25,2,vida nocturna,688.835
25,3,paisaje naturaleza,2034.0
25,3,paisaje urbano,767.33
25,3,vida nocturna,735.56
25,4,paisaje naturaleza,1123.5
25,4,vida nocturna,537.96
25,5,otros,72.0
25,5,paisaje urbano,70.0
25,5,vida nocturna,120.0
25,6,otros,120.0
25,6,paisaje naturaleza,194.67
25,6,paisaje urbano,535.62
25,7,paisaje naturaleza,3116.0
25,7,paisaje urbano,569.5
25,7,vida nocturna,1338.2
25,8,paisaje urbano,759.0
25,8,vida nocturna,1591.79
25,9,paisaje naturaleza,2036.0
25,9,paisaje urbano,241.33
25,9,vida nocturna,919.13
25,10,compras,380.0
25,10,otros,380.0
25,10,paisaje naturaleza,1394.67
25,10,paisaje urbano,569.75
25,10,vida nocturna,910.53
25,11,paisaje naturaleza,1727.0
25,11,paisaje urbano,441.0
25,11,vida nocturna,903.31
25,12,paisaje naturaleza,939.0
25,12,paisaje urbano,503.0
25,12,vida nocturna,864.93
26,1,servicios,550.0
26,1,vida nocturna,1644.665
26,2,paisaje urbano,3789.5
26,2,vida nocturna,1041.0
26,3,paisaje urbano,2883.5
26,4,paisaje naturaleza,1679.5
26,4,paisaje urbano,1885.2
26,4,vida nocturna,969.0
26,5,paisaje naturaleza,889.75
26,5,servicios,3012.0
26,5,vida nocturna,1357.43
26,6,paisaje naturaleza,1043.5
26,6,paisaje urbano,5048.5
26,7,comida y bebida,1123.0
26,7,paisaje naturaleza,651.33
26,7,paisaje urbano,1477.64
26,7,vida nocturna,1081.9
26,8,comida y bebida,715.0
26,8,paisaje naturaleza,873.75
26,8,paisaje urbano,1198.0
26,8,vida nocturna,808.75
26,9,comida y bebida,30.0
26,9,compras,4688.0
26,9,otros,4688.0
26,9,paisaje naturaleza,801.0
26,9,vida nocturna,1735.0
26,10,compras,3512.33
26,10,otros,3236.33
26,10,paisaje naturaleza,165.0
26,10,paisaje urbano,2052.75
26,10,servicios,3066.0
26,10,vida nocturna,107.5
26,11,paisaje naturaleza,97.0
26,11,servicios,381.0
26,11,vida nocturna,1198.97
26,12,paisaje naturaleza,1632.0
26,12,paisaje urbano,1447.88
26,12,vida nocturna,1277.6950000000002
27,1,vida nocturna,923.0
27,2,paisaje naturaleza,890.0
27,2,vida nocturna,900.0
27,3,paisaje urbano,1031.25
27,3,vida nocturna,892.0
27,4,paisaje urbano,1321.5
27,4,servicios,1066.0
27,4,vida nocturna,1289.67
27,5,paisaje naturaleza,176.0
27,5,paisaje urbano,1338.0
27,5,servicios,825.0
27,5,vida nocturna,176.0
27,6,paisaje urbano,2500.0
27,6,vida nocturna,1092.0
27,7,paisaje urbano,1868.0
27,7,vida nocturna,794.14
27,8,paisaje naturaleza,165.0
27,8,paisaje urbano,1210.0
27,8,vida nocturna,829.6
27,9,paisaje urbano,2876.5
27,9,vida nocturna,1617.085
27,10,vida nocturna,1091.665
27,11,paisaje naturaleza,6544.0
27,11,paisaje urbano,1414.75
27,11,vida nocturna,1389.0
27,12,paisaje naturaleza,1137.0
27,12,vida nocturna,1625.0
28,1,comida y bebida,1258.0
28,1,otros,5153.33
28,1,paisaje naturaleza,695.99
28,1,paisaje urbano,781.525
28,1,vida nocturna,1164.895
28,2,comida y bebida,1163.2
28,2,otros,4479.0
28,2,paisaje naturaleza,767.735
28,2,servicios,3190.5
28,2,vida nocturna,1089.53
28,3,comida y bebida,1215.33
28,3,compras,2027.0
28,3,paisaje naturaleza,602.855
28,3,paisaje urbano,697.94
28,3,servicios,5916.83
28,3,vida nocturna,642.9
28,4,comida y bebida,1579.67
28,4,compras,5305.0
28,4,otros,5284.33
28,4,paisaje naturaleza,696.3199999999999
28,4,paisaje urbano,721.65
28,4,servicios,4202.62
28,4,vida nocturna,1018.29
28,5,comida y bebida,1094.0
28,5,compras,2918.0
28,5,otros,3251.0
28,5,paisaje naturaleza,672.1500000000001
28,5,paisaje urbano,679.73
28,5,vida nocturna,838.17
28,6,comida y bebida,1550.0
28,6,compras,293.5
28,6,otros,1349.5
28,6,paisaje naturaleza,1289.02
28,6,paisaje urbano,373.03499999999997
28,6,vida nocturna,981.675
28,7,compras,5959.5
28,7,otros,3589.2
28,7,paisaje naturaleza,1583.33
28,7,paisaje urbano,744.65
28,7,servicios,5378.12
28,7,vida nocturna,1784.3
28,8,comida y bebida,1613.0
28,8,compras,12538.5
28,8,otros,18776.0
28,8,paisaje naturaleza,2622.045
28,8,paisaje urbano,591.93
28,8,servicios,7330.25
28,8,vida nocturna,1142.67
28,9,comida y bebida,2106.2
28,9,compras,12123.5
28,9,otros,6178.8
28,9,paisaje naturaleza,1329.82
28,9,paisaje urbano,355.12
28,9,servicios,3971.57
28,9,vida nocturna,811.165
28,10,comida y bebida,1990.8
28,10,compras,6279.0
28,10,otros,7691.75
28,10,paisaje naturaleza,887.125
28,10,paisaje urbano,323.405
28,10,servicios,3751.33
28,10,vida nocturna,528.215
28,11,compras,3910.5
28,11,otros,3210.67
28,11,paisaje naturaleza,708.79
28,11,paisaje urbano,667.4
28,11,servicios,1613.0
28,11,vida nocturna,666.5
28,12,comida y bebida,1827.67
28,12,otros,13238.0
28,12,paisaje naturaleza,818.355
28,12,paisaje urbano,100.0
28,12,servicios,4693.67
28,12,vida nocturna,1042.4
29,1,comida y bebida,1671.0
29,1,otros,660.0
29,1,paisaje naturaleza,617.6
29,1,paisaje urbano,910.6
29,1,servicios,1159.5
29,1,vida nocturna,1013.335
29,2,comida y bebida,1131.33
29,2,otros,3833.0
29,2,paisaje naturaleza,1351.285
29,2,paisaje urbano,815.08
29,2,vida nocturna,908.415
29,3,comida y bebida,2048.33
29,3,paisaje naturaleza,1373.625
29,3,servicios,6930.0
29,3,vida nocturna,1838.0
29,4,comida y bebida,1101.75
29,4,otros,1244.0
29,4,paisaje naturaleza,1125.29
29,4,paisaje urbano,969.57
29,4,servicios,3486.0
29,4,vida nocturna,1563.06
29,5,comida y bebida,1100.25
29,5,otros,1016.0
29,5,paisaje naturaleza,1037.3
29,5,paisaje urbano,1835.36
29,5,servicios,7005.5
29,5,vida nocturna,78.5
29,6,otros,14500.0
29,6,paisaje urbano,1233.29
29,6,servicios,1617.5
29,6,vida nocturna,100.0
29,7,paisaje naturaleza,647.585
29,7,servicios,960.5
29,7,vida nocturna,1009.0
29,8,paisaje naturaleza,1894.625
29,8,servicios,485.0
29,8,vida nocturna,1982.7649999999999
29,9,comida y bebida,1340.67
29,9,otros,549.0
29,9,paisaje naturaleza,1469.4
29,9,paisaje urbano,400.0
29,9,servicios,1262.0
29,9,vida nocturna,1954.95
29,10,comida y bebida,1396.33
29,10,otros,650.0
29,10,paisaje naturaleza,1287.375
29,10,servicios,952.8
29,10,vida nocturna,1171.22
29,11,otros,300.0
29,11,paisaje naturaleza,900.335
29,11,paisaje urbano,936.42
29,11,servicios,1745.75
29,11,vida nocturna,1366.73
29,12,otros,300.0
29,12,paisaje naturaleza,457.33
29,12,paisaje urbano,1124.5
29,12,servicios,851.0
29,12,vida nocturna,1918.0
30,1,comida y bebida,100.0
30,1,paisaje naturaleza,750.0
30,1,vida nocturna,350.0
30,2,paisaje naturaleza,895.0
30,2,paisaje urbano,788.71
30,2,servicios,4614.75
30,2,vida nocturna,920.0
30,3,paisaje naturaleza,1042.335
30,3,paisaje urbano,610.0
30,3,vida nocturna,695.085
30,4,otros,620.0
30,4,paisaje naturaleza,983.165
30,4,servicios,11972.67
30,4,vida nocturna,1014.74
30,5,otros,1005.0
30,5,paisaje naturaleza,357.25
30,5,paisaje urbano,1042.0
30,5,servicios,1759.6
30,5,vida nocturna,1056.25
30,6,otros,100.0
30,6,paisaje naturaleza,380.75
30,6,servicios,16789.5
30,6,vida nocturna,917.0
30,7,comida y bebida,504.0
30,7,paisaje naturaleza,1329.5
30,7,paisaje urbano,902.0
30,7,vida nocturna,1344.7
30,8,comida y bebida,70.0
30,8,paisaje naturaleza,1646.25
30,8,servicios,2017.0
30,8,vida nocturna,1255.21
30,9,comida y bebida,65.0
30,9,paisaje naturaleza,1774.25
30,9,paisaje urbano,1097.33
30,9,servicios,340.0
30,9,vida nocturna,1083.0
30,10,comida y bebida,852.0
30,10,paisaje naturaleza,957.96
30,10,servicios,2152.33
30,10,vida nocturna,631.165
30,11,comida y bebida,818.0
30,11,paisaje naturaleza,1245.8
30,11,paisaje urbano,627.12
30,11,servicios,6664.0
30,11,vida nocturna,957.0
30,12,comida y bebida,100.0
30,12,paisaje naturaleza,1163.6
30,12,paisaje urbano,650.75
30,12,servicios,5037.43
30,12,vida nocturna,1030.23
31,1,paisaje naturaleza,1601.75
31,1,paisaje urbano,757.5
31,1,vida nocturna,1680.45
31,2,otros,306.0
31,2,paisaje naturaleza,348.0
31,2,paisaje urbano,760.5
31,3,paisaje naturaleza,3293.5
31,3,paisaje urbano,10842.0
31,4,paisaje naturaleza,2945.75
31,5,paisaje naturaleza,1572.33
31,5,paisaje urbano,1447.0
31,5,vida nocturna,1568.67
31,6,comida y bebida,621.5
31,6,paisaje naturaleza,2661.79
31,6,vida nocturna,1666.0
31,7,comida y bebida,1081.33
31,7,paisaje naturaleza,2026.14
31,7,paisaje urbano,7200.33
31,7,vida nocturna,1643.18
31,8,comida y bebida,572.0
31,8,paisaje naturaleza,1308.0
31,8,paisaje urbano,1829.0
31,8,vida nocturna,1394.95
31,9,comida y bebida,83.0
31,9,paisaje naturaleza,2324.71
31,9,paisaje urbano,740.33
31,10,paisaje naturaleza,558.165
31,10,paisaje urbano,1685.0
31,10,vida nocturna,1466.31
31,11,otros,3876.0
31,11,paisaje naturaleza,1230.415
31,11,servicios,104.0
31,11,vida nocturna,1376.67
31,12,paisaje naturaleza,2549.165
31,12,paisaje urbano,805.5
31,12,servicios,2467.0
31,12,vida nocturna,140.0
32,1,paisaje urbano,220.0
32,1,vida nocturna,734.5
32,2,vida nocturna,1183.0
32,3,vida nocturna,2039.67
32,4,vida nocturna,1477.5
32,5,vida nocturna,1495.25
32,6,comida y bebida,1178.0
32,6,paisaje naturaleza,1178.0
32,6,vida nocturna,456.33
32,7,comida y bebida,1078.0
32,7,paisaje naturaleza,1078.0
32,8,comida y bebida,1045.0
32,8,paisaje naturaleza,870.5
32,8,paisaje urbano,632.5
32,8,vida nocturna,165.0
32,9,paisaje naturaleza,598.0
32,9,paisaje urbano,164.0
32,9,servicios,2025.0
32,9,vida nocturna,164.0
32,10,vida nocturna,1200.0
32,11,otros,100.0
32,11,paisaje urbano,452.0
32,11,vida nocturna,1235.75
32,12,paisaje naturaleza,805.0
32,12,paisaje urbano,805.0
33,1,paisaje naturaleza,5106.0
33,1,servicios,2300.0
33,1,vida nocturna,994.5
33,2,paisaje naturaleza,5198.5
33,2,paisaje urbano,816.25
33,2,servicios,10889.5
33,2,vida nocturna,1240.75
33,3,otros,6769.0
33,3,paisaje naturaleza,5150.0
33,3,paisaje urbano,619.5
33,4,otros,2446.5
33,4,paisaje naturaleza,5459.0
33,4,vida nocturna,1046.5
33,5,paisaje urbano,1036.5
33,5,servicios,400.0
33,5,vida nocturna,2702.87
33,6,comida y bebida,716.5
33,6,paisaje naturaleza,1750.2649999999999
33,6,paisaje urbano,477.66499999999996
33,6,vida nocturna,3178.73
33,7,comida y bebida,779.67
33,7,paisaje naturaleza,2716.65
33,7,paisaje urbano,801.5
33,7,vida nocturna,1287.19
33,8,paisaje naturaleza,7084.75
33,8,paisaje urbano,849.0
33,8,vida nocturna,1439.26
33,9,compras,3582.0
33,9,otros,3582.0
33,9,paisaje naturaleza,4949.5
33,9,paisaje urbano,655.2
33,9,vida nocturna,1114.06
33,10,comida y bebida,559.0
33,10,compras,3205.0
33,10,otros,3205.0
33,10,paisaje naturaleza,803.33
33,10,paisaje urbano,474.6
33,10,vida nocturna,572.13
33,11,compras,380.0
33,11,otros,380.0
33,11,paisaje naturaleza,4911.32
33,11,paisaje urbano,687.5
33,11,servicios,241.67
33,11,vida nocturna,655.75
33,12,comida y bebida,84.0
33,12,compras,4052.0
33,12,otros,4052.0
33,12,paisaje naturaleza,5158.75
33,12,vida nocturna,1261.78
34,1,vida nocturna,1174.5
34,2,vida nocturna,1441.25
34,3,paisaje urbano,120.0
34,3,vida nocturna,1645.8
34,4,paisaje urbano,1207.0
34,4,vida nocturna,1671.33
34,5,paisaje urbano,1265.0
34,5,vida nocturna,1043.5
34,6,paisaje naturaleza,203.5
34,6,vida nocturna,650.67
34,7,paisaje naturaleza,2068.0
34,7,vida nocturna,1324.25
34,8,otros,2519.0
34,8,vida nocturna,909.0
34,9,otros,2503.0
34,9,vida nocturna,1093.75
34,10,otros,250.0
34,10,vida nocturna,970.75
34,11,paisaje urbano,785.0
34,11,vida nocturna,812.0
34,12,paisaje naturaleza,2063.0
34,12,paisaje urbano,794.5
34,12,vida nocturna,948.17
35,1,comida y bebida,1037.5
35,1,paisaje naturaleza,591.0
35,1,servicios,1000.0
35,1,vida nocturna,1551.3
35,2,comida y bebida,640.33
35,2,paisaje naturaleza,134.0
35,2,paisaje urbano,1045.06
35,2,servicios,684.33
35,2,vida nocturna,323.57
35,3,comida y bebida,629.5
35,3,otros,160.0
35,3,paisaje naturaleza,372.0
35,3,paisaje urbano,808.62
35,3,servicios,811.0
35,3,vida nocturna,324.0
35,4,otros,973.0
35,4,paisaje naturaleza,354.71
35,4,servicios,2435.25
35,4,vida nocturna,1012.89
35,5,comida y bebida,941.0
35,5,otros,618.5
35,5,paisaje naturaleza,667.17
35,5,vida nocturna,1334.24
35,6,otros,262.0
35,6,paisaje naturaleza,282.25
35,6,paisaje urbano,531.69
35,6,servicios,996.0
35,6,vida nocturna,1398.06
35,7,comida y bebida,934.0
35,7,otros,707.67
35,7,paisaje naturaleza,48.0
35,7,paisaje urbano,619.28
35,7,servicios,116.67
35,7,vida nocturna,514.735
35,8,comida y bebida,795.2
35,8,compras,469.0
35,8,otros,310.33
35,8,paisaje naturaleza,248.5
35,8,paisaje urbano,871.9
35,8,servicios,3630.75
35,8,vida nocturna,690.9449999999999
35,9,comida y bebida,2030.6
35,9,compras,504.0
35,9,otros,322.0
35,9,paisaje naturaleza,599.05
35,9,servicios,3345.25
35,9,vida nocturna,1000.04
35,10,comida y bebida,528.5
35,10,compras,343.5
35,10,otros,1423.67
35,10,paisaje naturaleza,191.785
35,10,paisaje urbano,975.25
35,10,servicios,2625.25
35,10,vida nocturna,491.4
35,11,comida y bebida,1061.67
35,11,compras,539.5
35,11,otros,1489.0
35,11,paisaje naturaleza,194.1
35,11,paisaje urbano,1066.92
35,11,servicios,482.67
35,11,vida nocturna,577.875
35,12,comida y bebida,944.0
35,12,compras,300.0
35,12,otros,300.0
35,12,paisaje naturaleza,415.65
35,12,paisaje urbano,725.33
35,12,vida nocturna,1033.4
36,1,paisaje urbano,420.5
36,1,servicios,990.0
36,1,vida nocturna,783.6
36,2,vida nocturna,568.585
36,3,comida y bebida,54.0
36,3,paisaje urbano,853.0
36,3,servicios,1030.0
36,3,vida nocturna,951.06
36,4,otros,421.0
36,4,paisaje naturaleza,644.0
36,4,vida nocturna,1436.55
36,5,otros,578.0
36,5,paisaje naturaleza,414.0
36,5,paisaje urbano,656.0
36,5,servicios,1030.0
36,5,vida nocturna,1788.41
36,6,otros,369.0
36,6,paisaje naturaleza,675.0
36,6,paisaje urbano,1043.8
36,6,servicios,590.0
36,6,vida nocturna,719.865
36,7,paisaje naturaleza,633.0
36,7,paisaje urbano,751.5
36,7,vida nocturna,1380.31
36,8,otros,548.0
36,8,paisaje naturaleza,696.75
36,8,paisaje urbano,978.6
36,8,servicios,1231.5
36,8,vida nocturna,1661.86
36,9,otros,576.0
36,9,paisaje naturaleza,302.0
36,9,paisaje urbano,838.33
36,9,servicios,681.5
36,9,vida nocturna,805.0
36,10,paisaje naturaleza,50.0
36,10,paisaje urbano,890.0
36,10,servicios,9137.0
36,10,vida nocturna,689.065
36,11,comida y bebida,756.0
36,11,otros,1255.5
36,11,paisaje urbano,637.2
36,11,servicios,7019.0
36,11,vida nocturna,727.4300000000001
36,12,comida y bebida,54.0
36,12,paisaje naturaleza,508.33
36,12,paisaje urbano,608.6
36,12,servicios,2561.0
37,1,paisaje naturaleza,784.5
37,1,vida nocturna,1415.75
37,2,compras,1536.0
37,2,otros,1536.0
37,2,paisaje naturaleza,999.5
37,2,paisaje urbano,507.0
37,2,vida nocturna,740.25
37,3,comida y bebida,1495.0
37,3,compras,1254.0
37,3,otros,1254.0
37,3,paisaje naturaleza,545.5
37,3,paisaje urbano,400.585
37,3,vida nocturna,1175.5
37,4,paisaje naturaleza,589.0
37,4,paisaje urbano,390.125
37,4,vida nocturna,1227.25
37,5,paisaje naturaleza,271.5
37,5,paisaje urbano,276.0
37,5,vida nocturna,1386.9
37,6,paisaje naturaleza,261.5
37,6,paisaje urbano,371.375
37,6,vida nocturna,766.125
37,7,paisaje naturaleza,242.25
37,7,paisaje urbano,385.11
37,7,vida nocturna,188.0
37,8,paisaje naturaleza,316.5
37,8,paisaje urbano,475.16999999999996
37,9,paisaje naturaleza,873.75
37,9,paisaje urbano,450.55
37,9,vida nocturna,728.0
37,10,paisaje naturaleza,854.25
37,10,paisaje urbano,429.71000000000004
37,10,vida nocturna,916.1949999999999
37,11,paisaje naturaleza,944.75
37,11,paisaje urbano,456.81
37,11,servicios,600.0
37,11,vida nocturna,834.67
37,12,paisaje naturaleza,1425.5
37,12,paisaje urbano,450.5
37,12,vida nocturna,1463.125
38,1,paisaje naturaleza,624.5
38,1,paisaje urbano,1024.5
38,1,vida nocturna,659.5
38,2,comida y bebida,109.0
38,2,paisaje naturaleza,506.95
38,2,servicios,3513.67
38,2,vida nocturna,467.0
38,3,comida y bebida,50.0
38,3,paisaje naturaleza,1679.0
38,3,paisaje urbano,1229.33
38,3,servicios,1224.0
38,3,vida nocturna,975.5
38,4,comida y bebida,1308.0
38,4,otros,450.0
38,4,paisaje naturaleza,530.0
38,4,paisaje urbano,1260.31
38,4,servicios,1439.5
38,4,vida nocturna,1246.22
38,5,comida y bebida,154.0
38,5,paisaje urbano,1032.43
38,5,servicios,663.0
38,5,vida nocturna,2035.81
38,6,comida y bebida,577.0
38,6,vida nocturna,120.0
38,7,comida y bebida,1559.0
38,7,paisaje naturaleza,665.665
38,7,paisaje urbano,1013.73
38,7,vida nocturna,1168.2
38,8,comida y bebida,1214.0
38,8,paisaje naturaleza,632.33
38,8,paisaje urbano,1140.955
38,8,vida nocturna,1131.6299999999999
38,9,paisaje naturaleza,675.0
38,9,paisaje urbano,942.74
38,9,servicios,1470.0
38,9,vida nocturna,893.8900000000001
38,10,comida y bebida,508.67
38,10,paisaje naturaleza,975.415
38,10,paisaje urbano,995.89
38,10,vida nocturna,769.83
38,11,comida y bebida,902.5
38,11,paisaje naturaleza,694.5699999999999
38,11,servicios,819.0
38,11,vida nocturna,765.57
38,12,comida y bebida,1091.0
38,12,paisaje naturaleza,452.4
38,12,servicios,882.0
38,12,vida nocturna,344.25
39,1,paisaje naturaleza,385.33
39,1,paisaje urbano,1139.0
39,1,vida nocturna,220.0
39,2,paisaje naturaleza,251.67
39,2,vida nocturna,1128.67
39,3,paisaje naturaleza,551.33
39,3,paisaje urbano,924.33
39,3,vida nocturna,738.17
39,4,paisaje naturaleza,614.0
39,4,paisaje urbano,1228.5
39,4,vida nocturna,1112.83
39,5,paisaje urbano,636.5
39,5,vida nocturna,1008.8
39,6,comida y bebida,1045.0
39,6,paisaje naturaleza,1045.0
39,6,paisaje urbano,1192.0
39,6,vida nocturna,1151.17
39,7,comida y bebida,748.67
39,7,paisaje naturaleza,676.6
39,7,paisaje urbano,694.0
39,7,vida nocturna,149.0
39,8,comida y bebida,1094.33
39,8,paisaje urbano,325.0
39,8,vida nocturna,731.5
39,9,servicios,10627.0
39,9,vida nocturna,740.0
39,10,paisaje naturaleza,530.165
39,10,paisaje urbano,653.25
39,10,servicios,7416.5
39,10,vida nocturna,751.29
39,11,paisaje naturaleza,572.0
39,11,paisaje urbano,845.25
39,11,servicios,650.0
39,11,vida nocturna,200.5
39,12,paisaje naturaleza,787.5
39,12,vida nocturna,1197.0
40,2,paisaje urbano,550.0
40,2,vida nocturna,2165.75
40,3,vida nocturna,1773.75
40,4,vida nocturna,1284.2
40,5,paisaje urbano,150.0
40,6,vida nocturna,1487.4
40,7,paisaje naturaleza,779.5
40,7,vida nocturna,1121.5
40,9,vida nocturna,1089.6
40,10,otros,49.0
40,10,vida nocturna,800.25
40,11,compras,496.0
40,11,otros,496.0
40,11,vida nocturna,498.855
40,12,vida nocturna,971.5
41,1,comida y bebida,665.33
41,1,paisaje naturaleza,504.33
41,1,paisaje urbano,1616.5
41,1,servicios,554.0
41,1,vida nocturna,962.0
41,2,comida y bebida,1193.33
41,2,paisaje naturaleza,999.365
41,2,paisaje urbano,737.0
41,2,servicios,125.0
41,2,vida nocturna,478.5
41,3,comida y bebida,648.0
41,3,paisaje naturaleza,556.0
41,3,paisaje urbano,1168.1
41,3,servicios,5891.0
41,3,vida nocturna,791.71
41,4,comida y bebida,882.0
41,4,paisaje naturaleza,1276.165
41,4,paisaje urbano,1559.665
41,4,servicios,4250.5
41,4,vida nocturna,1253.0
41,5,otros,619.0
41,5,paisaje naturaleza,2035.67
41,5,paisaje urbano,706.585
41,5,servicios,1593.5
41,5,vida nocturna,1330.5
41,6,otros,619.0
41,6,paisaje naturaleza,2138.0
41,6,paisaje urbano,872.335
41,6,servicios,542.0
41,6,vida nocturna,582.5
41,7,comida y bebida,1992.0
41,7,compras,689.0
41,7,otros,689.0
41,7,paisaje naturaleza,816.55
41,7,paisaje urbano,1066.95
41,7,servicios,3189.5
41,7,vida nocturna,880.32
41,8,comida y bebida,2009.0
41,8,otros,714.0
41,8,paisaje urbano,1016.35
41,8,servicios,3384.0
41,8,vida nocturna,727.5
41,9,comida y bebida,413.0
41,9,otros,474.5
41,9,paisaje naturaleza,1164.2
41,9,paisaje urbano,723.5
41,9,servicios,959.0
41,9,vida nocturna,394.67
41,10,comida y bebida,652.5
41,10,compras,1396.0
41,10,otros,983.0
41,10,paisaje naturaleza,706.775
41,10,paisaje urbano,905.215
41,10,servicios,1422.25
41,10,vida nocturna,593.025
41,11,comida y bebida,666.5
41,11,compras,401.0
41,11,otros,55.0
41,11,paisaje naturaleza,559.8
41,11,paisaje urbano,923.47
41,11,servicios,251.0
41,11,vida nocturna,1077.0
41,12,comida y bebida,434.0
41,12,paisaje naturaleza,701.4449999999999
41,12,paisaje urbano,1270.17
41,12,servicios,175.5
41,12,vida nocturna,799.33
42,1,paisaje urbano,165.0
42,1,vida nocturna,745.0
42,2,paisaje naturaleza,1391.0
42,2,vida nocturna,1201.2
42,3,paisaje urbano,176.0
42,3,vida nocturna,689.8
42,5,paisaje naturaleza,1793.0
42,6,comida y bebida,1178.0
42,6,paisaje naturaleza,1800.0
42,7,comida y bebida,1088.0
42,7,paisaje naturaleza,1009.5
42,7,vida nocturna,1100.33
42,8,comida y bebida,1048.0
42,8,paisaje naturaleza,1048.0
42,8,vida nocturna,1343.86
42,9,paisaje urbano,1515.0
42,9,servicios,1471.0
42,9,vida nocturna,906.0
42,10,paisaje urbano,160.5
42,10,vida nocturna,689.915
42,11,paisaje naturaleza,156.0
42,11,paisaje urbano,738.5
42,11,vida nocturna,696.645
42,12,vida nocturna,875.89
43,1,otros,3708.0
43,1,paisaje naturaleza,1608.2
43,1,paisaje urbano,1487.97
43,1,servicios,1000.0
43,2,comida y bebida,1034.0
43,2,otros,350.0
43,2,paisaje naturaleza,1939.75
43,2,paisaje urbano,1972.25
43,2,vida nocturna,676.5
43,3,compras,1842.5
43,3,paisaje naturaleza,309.0
43,3,paisaje urbano,1174.65
43,3,vida nocturna,351.0
43,4,comida y bebida,2236.0
43,4,compras,200.0
43,4,otros,266.67
43,4,paisaje naturaleza,1995.81
43,4,paisaje urbano,2659.09
43,4,servicios,2454.0
43,4,vida nocturna,762.5
43,5,comida y bebida,260.0
43,5,compras,8333.0
43,5,otros,4366.5
43,5,paisaje naturaleza,722.4
43,5,paisaje urbano,1679.115
43,5,servicios,3437.0
43,5,vida nocturna,1084.7
43,6,comida y bebida,1553.0
43,6,compras,452.0
43,6,paisaje naturaleza,610.5
43,6,paisaje urbano,347.0
43,6,servicios,5446.25
43,6,vida nocturna,1775.0549999999998
43,7,comida y bebida,1222.0
43,7,compras,3431.0
43,7,otros,1953.0
43,7,paisaje naturaleza,835.915
43,7,paisaje urbano,1140.77
43,7,servicios,3159.0
43,7,vida nocturna,1814.2849999999999
43,8,comida y bebida,2006.0
43,8,otros,7667.0
43,8,paisaje naturaleza,610.355
43,8,paisaje urbano,747.66
43,8,servicios,1188.5
43,8,vida nocturna,701.0
43,9,comida y bebida,5503.0
43,9,paisaje naturaleza,363.0
43,9,paisaje urbano,1370.835
43,9,servicios,3794.0
43,9,vida nocturna,511.935
43,10,otros,449.0
43,10,paisaje naturaleza,873.0899999999999
43,10,paisaje urbano,1612.585
43,10,servicios,737.5
43,10,vida nocturna,765.73
43,11,otros,524.5
43,11,paisaje naturaleza,1395.225
43,11,paisaje urbano,1309.085
43,11,servicios,784.33
43,11,vida nocturna,797.62
43,12,paisaje naturaleza,969.1949999999999
43,12,paisaje urbano,977.415
43,12,vida nocturna,1187.97
44,1,vida nocturna,861.0
44,2,vida nocturna,1578.4
44,3,paisaje naturaleza,40.0
44,3,paisaje urbano,40.0
44,3,vida nocturna,1693.8
44,4,paisaje urbano,1367.0
44,4,vida nocturna,1026.67
44,5,vida nocturna,1772.43
44,6,paisaje naturaleza,2547.0
44,6,vida nocturna,2213.6
44,7,paisaje urbano,1268.33
44,7,vida nocturna,1296.2150000000001
44,8,paisaje urbano,1262.5
44,8,vida nocturna,733.0
44,9,vida nocturna,1485.75
44,10,otros,2518.0
44,10,paisaje urbano,1553.0
44,10,vida nocturna,705.19
44,11,vida nocturna,45.0
44,12,otros,230.0
44,12,vida nocturna,45.0
45,1,paisaje naturaleza,830.2
45,1,paisaje urbano,546.6
45,1,servicios,310.0
45,1,vida nocturna,1622.94
45,2,paisaje naturaleza,1674.75
45,2,paisaje urbano,589.1800000000001
45,3,paisaje naturaleza,1182.5
45,3,paisaje urbano,453.43
45,3,vida nocturna,1262.88
45,4,paisaje naturaleza,1663.5
45,4,paisaje urbano,443.75
45,4,vida nocturna,1545.88
45,5,paisaje naturaleza,2005.5
45,5,paisaje urbano,1228.415
45,6,paisaje urbano,1418.625
45,6,vida nocturna,1263.5
45,7,paisaje naturaleza,1042.0
45,7,paisaje urbano,739.915
45,7,vida nocturna,3449.8
45,8,paisaje naturaleza,944.0
45,8,paisaje urbano,824.2650000000001
45,8,servicios,220.0
45,8,vida nocturna,1733.1
45,9,paisaje naturaleza,1143.5
45,9,paisaje urbano,610.38
45,9,servicios,2826.0
45,9,vida nocturna,2508.75
45,10,paisaje urbano,480.985
45,11,paisaje naturaleza,1886.0
45,11,paisaje urbano,768.0550000000001
45,11,servicios,130.0
45,11,vida nocturna,578.0
45,12,paisaje naturaleza,2223.6
45,12,paisaje urbano,1157.835
45,12,servicios,255.0
45,12,vida nocturna,2361.67
46,1,comida y bebida,247.5
46,1,paisaje urbano,923.8800000000001
46,1,servicios,3675.0
46,1,vida nocturna,1021.67
46,2,comida y bebida,576.0
46,2,paisaje naturaleza,381.585
46,2,paisaje urbano,829.775
46,2,servicios,210.0
46,2,vida nocturna,1127.2649999999999
46,3,comida y bebida,582.5
46,3,otros,600.33
46,3,paisaje naturaleza,767.415
46,3,paisaje urbano,663.7
46,3,servicios,3600.0
46,3,vida nocturna,1133.24
46,4,comida y bebida,2115.0
46,4,otros,2628.0
46,4,paisaje naturaleza,374.975
46,4,servicios,10954.0
46,5,comida y bebida,839.2
46,5,compras,4120.0
46,5,otros,2336.67
46,5,paisaje naturaleza,502.3
46,5,paisaje urbano,976.11
46,5,servicios,9128.5
46,5,vida nocturna,985.785
46,6,comida y bebida,390.5
46,6,compras,11620.0
46,6,paisaje naturaleza,4374.0
46,6,paisaje urbano,1325.5
46,6,servicios,1177.5
46,6,vida nocturna,1030.28
46,7,compras,20559.0
46,7,paisaje naturaleza,2517.5
46,7,paisaje urbano,1532.19
46,7,servicios,3640.0
46,7,vida nocturna,872.26
46,8,compras,2200.0
46,8,otros,14188.0
46,8,paisaje naturaleza,419.5
46,8,paisaje urbano,1447.17
46,8,servicios,5447.0
46,8,vida nocturna,745.0
46,9,comida y bebida,626.0
46,9,compras,10889.0
46,9,paisaje naturaleza,1224.8
46,9,paisaje urbano,1083.96
46,9,servicios,5207.25
46,9,vida nocturna,602.27
46,10,compras,1625.0
46,10,otros,1625.0
46,10,paisaje naturaleza,1928.2649999999999
46,10,paisaje urbano,1137.4650000000001
46,10,vida nocturna,865.05
46,11,otros,5593.0
46,11,paisaje naturaleza,1964.775
46,11,paisaje urbano,857.28
46,11,servicios,731.67
46,11,vida nocturna,842.0
46,12,comida y bebida,781.0
46,12,paisaje naturaleza,1662.01
46,12,paisaje urbano,856.62
46,12,vida nocturna,584.83
47,1,comida y bebida,2473.0
47,1,paisaje naturaleza,608.83
47,1,paisaje urbano,904.7
47,1,servicios,1836.5
47,1,vida nocturna,950.3
47,2,compras,525.0
47,2,otros,1488.0
47,2,paisaje urbano,150.0
47,2,vida nocturna,696.33
47,3,compras,525.0
47,3,otros,525.0
47,3,paisaje naturaleza,794.0
47,3,paisaje urbano,1513.91
47,3,servicios,81.0
47,3,vida nocturna,731.33
47,4,paisaje naturaleza,502.3
47,4,paisaje urbano,468.79
47,4,vida nocturna,899.085
47,5,paisaje naturaleza,840.415
47,5,paisaje urbano,1357.46
47,5,vida nocturna,770.33
47,6,paisaje naturaleza,1701.57
47,6,paisaje urbano,304.0
47,6,vida nocturna,1077.0
47,7,paisaje naturaleza,821.75
47,7,paisaje urbano,464.0
47,7,servicios,13072.0
47,7,vida nocturna,958.0
47,8,paisaje naturaleza,1436.625
47,8,paisaje urbano,458.0
47,8,vida nocturna,994.415
47,9,otros,120.0
47,9,paisaje naturaleza,1896.0
47,9,vida nocturna,1161.2
47,10,otros,120.0
47,10,paisaje naturaleza,698.83
47,10,paisaje urbano,626.4549999999999
47,10,vida nocturna,717.67
47,11,paisaje naturaleza,623.275
47,11,paisaje urbano,411.325
47,11,servicios,4773.6
47,11,vida nocturna,797.825
47,12,paisaje naturaleza,1366.665
47,12,paisaje urbano,45.0
47,12,servicios,450.0
47,12,vida nocturna,895.67
48,1,otros,50.0
48,1,paisaje naturaleza,1710.0
48,1,paisaje urbano,1107.0700000000002
48,1,servicios,6745.0
48,1,vida nocturna,962.64
48,2,compras,50.0
48,2,paisaje naturaleza,2899.915
48,2,paisaje urbano,970.0
48,2,vida nocturna,369.565
48,3,otros,2238.0
48,3,paisaje naturaleza,2951.72
48,3,paisaje urbano,889.3
48,3,servicios,2955.14
48,3,vida nocturna,854.46
48,4,otros,200.0
48,4,paisaje naturaleza,3420.125
48,4,paisaje urbano,951.75
48,4,servicios,1657.6
48,4,vida nocturna,1024.13
48,5,compras,4489.0
48,5,otros,4489.0
48,5,paisaje naturaleza,5606.57
48,5,paisaje urbano,957.5
48,5,vida nocturna,1102.78
48,6,compras,323.0
48,6,otros,323.0
48,6,paisaje naturaleza,5797.7
48,6,paisaje urbano,606.33
48,6,servicios,987.67
48,6,vida nocturna,589.395
48,7,compras,7745.0
48,7,otros,7745.0
48,7,paisaje naturaleza,10538.25
48,7,servicios,1283.33
48,7,vida nocturna,886.7
48,8,comida y bebida,821.0
48,8,compras,3873.0
48,8,otros,3873.0
48,8,paisaje naturaleza,3989.565
48,8,paisaje urbano,952.39
48,8,servicios,1033.33
48,8,vida nocturna,560.6
48,9,comida y bebida,776.5
48,9,compras,6839.0
48,9,otros,6839.0
48,9,paisaje naturaleza,1114.0
48,9,paisaje urbano,498.0
48,9,servicios,2849.83
48,9,vida nocturna,1259.855
48,10,comida y bebida,745.0
48,10,paisaje naturaleza,1030.335
48,10,paisaje urbano,1012.25
48,10,servicios,2556.75
48,10,vida nocturna,1362.71
48,11,paisaje naturaleza,1050.8
48,11,paisaje urbano,1110.38
48,11,servicios,3061.67
48,11,vida nocturna,1222.63
48,12,paisaje naturaleza,1266.33
48,12,paisaje urbano,872.0899999999999
48,12,servicios,4557.25
48,12,vida nocturna,1412.69
49,1,paisaje naturaleza,209.0
49,2,paisaje naturaleza,247.0
49,2,paisaje urbano,2451.5
49,2,vida nocturna,1236.0
49,3,paisaje naturaleza,1529.0
49,3,paisaje urbano,2377.0
49,3,vida nocturna,1471.33
49,4,paisaje naturaleza,1552.0
49,4,paisaje urbano,260.0
49,4,vida nocturna,1111.0
49,5,comida y bebida,1515.0
49,5,paisaje naturaleza,1597.0
49,5,paisaje urbano,1394.0
49,5,vida nocturna,1470.14
49,6,paisaje naturaleza,2405.0
49,6,vida nocturna,1033.2
49,7,comida y bebida,1514.0
49,7,vida nocturna,933.75
49,8,comida y bebida,1511.0
49,8,vida nocturna,993.75
49,9,paisaje naturaleza,412.0
49,9,paisaje urbano,288.0
49,9,servicios,2388.0
49,9,vida nocturna,1371.86
49,10,paisaje naturaleza,224.0
49,10,paisaje urbano,162.67
49,10,servicios,1871.0
49,11,vida nocturna,1215.4
49,12,paisaje naturaleza,1382.0
49,12,vida nocturna,1361.5
50,1,comida y bebida,1591.0
50,1,otros,400.0
50,1,paisaje naturaleza,875.0
50,1,paisaje urbano,974.14
50,1,servicios,2082.5
50,1,vida nocturna,1179.4
50,2,paisaje urbano,517.81
50,2,servicios,2947.0
50,2,vida nocturna,804.835
50,3,compras,813.0
50,3,otros,455.5
50,3,paisaje naturaleza,414.67
50,3,paisaje urbano,496.165
50,3,vida nocturna,751.165
50,4,comida y bebida,225.0
50,4,otros,457.5
50,4,paisaje naturaleza,782.0
50,4,paisaje urbano,425.8
50,4,servicios,200.0
50,4,vida nocturna,661.0
50,5,comida y bebida,930.0
50,5,otros,1901.5
50,5,paisaje naturaleza,884.5
50,5,paisaje urbano,615.75
50,5,servicios,4172.0
50,5,vida nocturna,859.25
50,6,compras,5468.5
50,6,otros,4333.0
50,6,paisaje naturaleza,1357.415
50,6,paisaje urbano,983.83
50,6,servicios,5459.0
50,6,vida nocturna,788.625
50,7,comida y bebida,1743.33
50,7,paisaje naturaleza,1172.5
50,7,paisaje urbano,718.29
50,7,servicios,8587.0
50,7,vida nocturna,1346.9
50,8,comida y bebida,2026.0
50,8,paisaje naturaleza,922.335
50,8,paisaje urbano,768.33
50,8,servicios,12829.0
50,8,vida nocturna,985.4
50,9,comida y bebida,3630.5
50,9,otros,1215.5
50,9,paisaje naturaleza,851.0
50,9,paisaje urbano,569.65
50,9,servicios,315.0
50,9,vida nocturna,849.67
50,10,comida y bebida,1049.0
50,10,otros,3671.0
50,10,paisaje naturaleza,1596.625
50,10,paisaje urbano,428.855
50,10,servicios,848.0
50,10,vida nocturna,866.67
50,11,comida y bebida,1080.67
50,11,compras,3023.5
50,11,otros,1844.33
50,11,paisaje naturaleza,1486.46
50,11,servicios,2587.5
50,11,vida nocturna,495.27
50,12,otros,477.5
50,12,paisaje naturaleza,805.0
50,12,paisaje urbano,724.67
50,12,servicios,1846.0
50,12,vida nocturna,525.33
51,2,paisaje urbano,2058.0
51,2,vida nocturna,804.0
51,3,paisaje urbano,822.0
51,5,paisaje urbano,852.0
51,5,vida nocturna,1297.0
51,6,paisaje urbano,347.0
51,6,vida nocturna,1143.0
51,7,paisaje urbano,805.0
51,7,vida nocturna,96.0
51,8,vida nocturna,357.0
51,9,paisaje urbano,599.0
51,9,vida nocturna,100.0
51,10,paisaje urbano,80.0
51,10,vida nocturna,1089.33
51,11,vida nocturna,1277.5
51,12,paisaje urbano,81.0
