cpro,provincia,mes,temp_media_mes,precip_total_mes,id_clima
01,araba/álava,2023-01,4.135483870967741,108.7,1
01,araba/álava,2023-02,4.035714285714286,45.9,2
01,araba/álava,2023-03,9.861290322580645,34.2,3
01,araba/álava,2023-04,11.373333333333333,63.1,4
01,araba/álava,2023-05,13.029032258064515,84.5,5
01,araba/álava,2023-06,17.956666666666667,137.8,6
01,araba/álava,2023-07,19.358064516129033,27.1,7
01,araba/álava,2023-08,20.458064516129035,23.4,8
01,araba/álava,2023-09,19.033333333333335,66.4,9
01,araba/álava,2023-10,16.467741935483872,74.3,10
01,araba/álava,2023-11,10.33,116.3,11
01,araba/álava,2023-12,6.438709677419355,79.2,12
01,araba/álava,2024-01,6.309677419354839,50.3,13
01,araba/álava,2024-02,7.827586206896552,132.9,14
01,araba/álava,2024-03,8.490322580645161,68.4,15
01,araba/álava,2024-04,10.126666666666667,48.9,16
01,araba/álava,2024-05,11.97741935483871,116.3,17
01,araba/álava,2024-06,15.963333333333333,51.4,18
01,araba/álava,2024-07,19.73225806451613,32.3,19
01,araba/álava,2024-08,19.893548387096775,50.7,20
01,araba/álava,2024-09,14.476666666666667,48.2,21
01,araba/álava,2024-10,13.66451612903226,145.6,22
01,araba/álava,2024-11,10.006666666666666,34.9,23
01,araba/álava,2024-12,5.819354838709677,115.8,24
01,araba/álava,2025-01,5.787096774193548,99.8,25
01,araba/álava,2025-02,7.0321428571428575,43.8,26
01,araba/álava,2025-03,6.945161290322581,120.7,27
01,araba/álava,2025-04,10.916666666666666,90.0,28
01,araba/álava,2025-05,12.741935483870968,87.3,29
01,araba/álava,2025-06,19.936666666666667,36.6,30
01,araba/álava,2025-07,18.9,33.6,31
01,araba/álava,2025-08,20.870967741935484,26.1,32
01,araba/álava,2025-09,16.2,32.3,33
01,araba/álava,2025-10,13.567741935483872,27.900000000000002,34
01,araba/álava,2025-11,8.653333333333334,96.8,35
01,araba/álava,2025-12,6.487096774193549,56.5,36
01,araba/álava,2026-01,4.551612903225807,59.6,37
01,araba/álava,2026-02,7.0,0.2,38
02,albacete,2023-01,5.380645161290323,9.299999999999999,39
02,albacete,2023-02,5.846428571428571,9.4,40
02,albacete,2023-03,12.716129032258063,7.8,41
02,albacete,2023-04,17.08,7.2,42
02,albacete,2023-05,16.993548387096773,79.6,43
02,albacete,2023-06,22.09,50.3,44
02,albacete,2023-07,28.583870967741937,1.7000000000000002,45
02,albacete,2023-08,27.43548387096774,0.6,46
02,albacete,2023-09,20.996666666666666,92.1,47
02,albacete,2023-10,17.858064516129033,32.4,48
02,albacete,2023-11,11.68,3.1999999999999997,49
02,albacete,2023-12,6.867741935483871,10.3,50
02,albacete,2024-01,8.764516129032257,59.7,51
02,albacete,2024-02,9.60689655172414,42.0,52
02,albacete,2024-03,10.941935483870967,89.7,53
02,albacete,2024-04,14.323333333333332,14.1,54
02,albacete,2024-05,18.716129032258067,3.6,55
02,albacete,2024-06,21.94333333333333,55.6,56
02,albacete,2024-07,27.893548387096775,0.8999999999999999,57
02,albacete,2024-08,27.635483870967743,2.4,58
02,albacete,2024-09,20.663333333333334,36.7,59
02,albacete,2024-10,16.806451612903224,57.1,60
02,albacete,2024-11,12.42,7.6,61
02,albacete,2024-12,6.748387096774193,1.0,62
02,albacete,2025-01,7.183870967741935,20.4,63
02,albacete,2025-02,8.314285714285715,17.900000000000002,64
02,albacete,2025-03,9.396774193548387,135.0,65
02,albacete,2025-04,13.906666666666666,27.8,66
02,albacete,2025-05,17.91290322580645,48.2,67
02,albacete,2025-06,26.43,3.7,68
02,albacete,2025-07,26.55483870967742,35.3,69
02,albacete,2025-08,27.0258064516129,1.5,70
02,albacete,2025-09,22.029999999999998,10.7,71
02,albacete,2025-10,17.345161290322583,29.099999999999998,72
02,albacete,2025-11,9.983333333333333,26.6,73
02,albacete,2025-12,7.125806451612903,26.0,74
02,albacete,2026-01,6.612903225806452,61.7,75
02,albacete,2026-02,8.1,0.1,76
03,alicante/alacant,2023-01,8.541935483870969,5.4,77
03,alicante/alacant,2023-02,8.22857142857143,15.9,78
03,alicante/alacant,2023-03,13.964516129032257,11.6,79
03,alicante/alacant,2023-04,16.01,5.3,80
03,alicante/alacant,2023-05,16.135483870967743,120.4,81
03,alicante/alacant,2023-06,21.470000000000002,48.9,82
03,alicante/alacant,2023-07,25.993548387096773,2.8000000000000003,83
03,alicante/alacant,2023-08,24.81935483870968,36.4,84
03,alicante/alacant,2023-09,20.41,67.60000000000001,85
03,alicante/alacant,2023-10,18.37741935483871,19.3,86
03,alicante/alacant,2023-11,14.423333333333334,1.8,87
03,alicante/alacant,2023-12,10.46774193548387,4.6000000000000005,88
03,alicante/alacant,2024-01,11.17741935483871,16.400000000000002,89
03,alicante/alacant,2024-02,11.53103448275862,17.2,90
03,alicante/alacant,2024-03,12.641935483870967,38.0,91
03,alicante/alacant,2024-04,14.116666666666667,20.3,92
03,alicante/alacant,2024-05,17.16774193548387,10.7,93
03,alicante/alacant,2024-06,21.009999999999998,34.699999999999996,94
03,alicante/alacant,2024-07,25.18064516129032,7.199999999999999,95
03,alicante/alacant,2024-08,25.06451612903226,14.899999999999999,96
03,alicante/alacant,2024-09,19.663333333333334,53.3,97
03,alicante/alacant,2024-10,17.641935483870967,44.2,98
03,alicante/alacant,2024-11,13.873333333333333,14.9,99
03,alicante/alacant,2024-12,9.470967741935485,8.4,100
03,alicante/alacant,2025-01,9.429032258064517,18.5,101
03,alicante/alacant,2025-02,9.310714285714285,22.9,102
03,alicante/alacant,2025-03,10.651612903225805,117.1,103
03,alicante/alacant,2025-04,14.023333333333333,52.9,104
03,alicante/alacant,2025-05,17.067741935483873,47.4,105
03,alicante/alacant,2025-06,23.740000000000002,2.0,106
03,alicante/alacant,2025-07,23.903225806451612,40.2,107
03,alicante/alacant,2025-08,25.12258064516129,8.0,108
03,alicante/alacant,2025-09,20.89,22.9,109
03,alicante/alacant,2025-10,17.18064516129032,51.5,110
03,alicante/alacant,2025-11,11.873333333333333,10.8,111
03,alicante/alacant,2025-12,9.13225806451613,88.2,112
03,alicante/alacant,2026-01,8.45483870967742,54.9,113
03,alicante/alacant,2026-02,10.0,0.0,114
04,almería,2023-01,8.729032258064517,3.5999999999999996,115
04,almería,2023-02,7.753571428571428,17.4,116
04,almería,2023-03,14.535483870967743,6.2,117
04,almería,2023-04,17.759999999999998,4.1000000000000005,118
04,almería,2023-05,16.2,186.1,119
04,almería,2023-06,22.433333333333334,34.0,120
04,almería,2023-07,28.72258064516129,3.3,121
04,almería,2023-08,27.225806451612904,7.4,122
04,almería,2023-09,20.773333333333333,56.300000000000004,123
04,almería,2023-10,18.46451612903226,14.3,124
04,almería,2023-11,15.183333333333334,3.0,125
04,almería,2023-12,11.370967741935484,11.0,126
04,almería,2024-01,11.580645161290322,34.199999999999996,127
04,almería,2024-02,11.910344827586206,11.7,128
04,almería,2024-03,12.403225806451612,78.80000000000001,129
04,almería,2024-04,14.903333333333334,27.900000000000002,130
04,almería,2024-05,18.6,6.4,131
04,almería,2024-06,21.766666666666666,25.599999999999998,132
04,almería,2024-07,27.61935483870968,6.699999999999999,133
04,almería,2024-08,26.506451612903227,18.3,134
04,almería,2024-09,20.490000000000002,27.099999999999998,135
04,almería,2024-10,17.148387096774194,146.9,136
04,almería,2024-11,13.46,26.400000000000002,137
04,almería,2024-12,9.183870967741935,5.6000000000000005,138
04,almería,2025-01,8.600000000000001,8.7,139
04,almería,2025-02,9.289285714285715,16.1,140
04,almería,2025-03,9.280645161290321,181.5,141
04,almería,2025-04,13.653333333333334,24.599999999999998,142
04,almería,2025-05,17.309677419354838,66.1,143
04,almería,2025-06,25.28666666666667,10.1,144
04,almería,2025-07,25.335483870967742,20.8,145
04,almería,2025-08,26.219354838709677,8.700000000000001,146
04,almería,2025-09,21.436666666666667,43.4,147
04,almería,2025-10,17.59032258064516,56.5,148
04,almería,2025-11,11.493333333333334,22.0,149
04,almería,2025-12,7.806451612903226,60.5,150
04,almería,2026-01,7.6,82.4,151
04,almería,2026-02,9.4,4.2,152
05,ávila,2023-01,1.2290322580645159,65.2,153
05,ávila,2023-02,1.2750000000000001,23.3,154
05,ávila,2023-03,6.503225806451613,15.1,155
05,ávila,2023-04,10.816666666666666,10.700000000000001,156
05,ávila,2023-05,10.974193548387097,70.0,157
05,ávila,2023-06,16.279999999999998,52.0,158
05,ávila,2023-07,20.335483870967742,0.6,159
05,ávila,2023-08,21.16774193548387,1.1,160
05,ávila,2023-09,14.889999999999999,91.9,161
05,ávila,2023-10,12.587096774193547,123.3,162
05,ávila,2023-11,6.989999999999999,70.5,163
05,ávila,2023-12,3.2451612903225806,26.099999999999998,164
05,ávila,2024-01,4.058064516129032,102.0,165
05,ávila,2024-02,4.562068965517242,55.0,166
05,ávila,2024-03,5.16774193548387,99.2,167
05,ávila,2024-04,8.51,22.4,168
05,ávila,2024-05,10.803225806451612,20.0,169
05,ávila,2024-06,15.639999999999999,57.0,170
05,ávila,2024-07,21.106451612903225,2.5,171
05,ávila,2024-08,22.274193548387096,2.6,172
05,ávila,2024-09,14.223333333333333,14.3,173
05,ávila,2024-10,10.59032258064516,102.0,174
05,ávila,2024-11,7.286666666666666,41.3,175
05,ávila,2024-12,2.635483870967742,22.6,176
05,ávila,2025-01,2.9,58.5,177
05,ávila,2025-02,3.7607142857142857,42.1,178
05,ávila,2025-03,3.1451612903225805,210.8,179
05,ávila,2025-04,8.13,74.7,180
05,ávila,2025-05,11.403225806451612,67.1,181
05,ávila,2025-06,20.073333333333334,23.7,182
05,ávila,2025-07,20.87741935483871,4.9,183
05,ávila,2025-08,22.106451612903225,10.2,184
05,ávila,2025-09,15.246666666666666,22.400000000000002,185
05,ávila,2025-10,12.429032258064517,33.6,186
05,ávila,2025-11,4.846666666666667,143.1,187
05,ávila,2025-12,2.361290322580645,40.6,188
05,ávila,2026-01,1.0451612903225806,107.89999999999999,189
05,ávila,2026-02,4.0,1.8,190
06,badajoz,2023-01,7.770967741935484,25.2,191
06,badajoz,2023-02,9.064285714285715,3.6,192
06,badajoz,2023-03,13.548387096774194,19.0,193
06,badajoz,2023-04,18.686666666666667,11.5,194
06,badajoz,2023-05,19.39032258064516,37.4,195
06,badajoz,2023-06,24.57,38.8,196
06,badajoz,2023-07,27.403225806451612,0.2,197
06,badajoz,2023-08,28.251612903225805,0.0,198
06,badajoz,2023-09,22.206666666666667,33.4,199
06,badajoz,2023-10,20.18064516129032,104.7,200
06,badajoz,2023-11,12.81,26.2,201
06,badajoz,2023-12,8.5,35.9,202
06,badajoz,2024-01,10.570967741935483,93.69999999999999,203
06,badajoz,2024-02,11.327586206896552,68.4,204
06,badajoz,2024-03,12.596774193548388,128.0,205
06,badajoz,2024-04,16.153333333333332,19.2,206
06,badajoz,2024-05,18.63225806451613,6.7,207
06,badajoz,2024-06,23.086666666666666,20.0,208
06,badajoz,2024-07,27.83225806451613,0.6,209
06,badajoz,2024-08,28.770967741935483,0.4,210
06,badajoz,2024-09,22.11,6.7,211
06,badajoz,2024-10,17.141935483870967,152.5,212
06,badajoz,2024-11,14.403333333333334,47.3,213
06,badajoz,2024-12,9.193548387096774,5.2,214
06,badajoz,2025-01,9.53225806451613,84.8,215
06,badajoz,2025-02,10.424999999999999,31.200000000000003,216
06,badajoz,2025-03,10.993548387096775,205.7,217
06,badajoz,2025-04,14.82,99.3,218
06,badajoz,2025-05,19.34193548387097,23.3,219
06,badajoz,2025-06,27.046666666666667,12.7,220
06,badajoz,2025-07,27.9,0.8,221
06,badajoz,2025-08,28.870967741935484,0.0,222
06,badajoz,2025-09,22.513333333333332,18.2,223
06,badajoz,2025-10,20.1,31.0,224
06,badajoz,2025-11,11.806666666666667,67.4,225
06,badajoz,2025-12,8.958064516129031,102.0,226
06,badajoz,2026-01,8.3,115.5,227
06,badajoz,2026-02,11.9,4.4,228
07,illes balears,2023-01,10.254838709677419,16.9,229
07,illes balears,2023-02,9.435714285714285,155.1,230
07,illes balears,2023-03,13.48709677419355,14.0,231
07,illes balears,2023-04,15.916666666666666,18.4,232
07,illes balears,2023-05,18.129032258064516,45.3,233
07,illes balears,2023-06,23.65,34.6,234
07,illes balears,2023-07,27.625806451612902,8.6,235
07,illes balears,2023-08,26.26451612903226,57.89999999999999,236
07,illes balears,2023-09,22.80666666666667,57.2,237
07,illes balears,2023-10,20.532258064516128,27.5,238
07,illes balears,2023-11,15.186666666666667,8.9,239
07,illes balears,2023-12,11.706451612903225,7.500000000000001,240
07,illes balears,2024-01,11.490322580645161,53.300000000000004,241
07,illes balears,2024-02,11.96551724137931,30.6,242
07,illes balears,2024-03,13.558064516129033,63.6,243
07,illes balears,2024-04,15.276666666666667,62.3,244
07,illes balears,2024-05,18.338709677419356,37.3,245
07,illes balears,2024-06,22.153333333333332,49.4,246
07,illes balears,2024-07,26.15806451612903,2.5,247
07,illes balears,2024-08,26.274193548387096,30.0,248
07,illes balears,2024-09,21.353333333333335,72.2,249
07,illes balears,2024-10,19.80322580645161,63.8,250
07,illes balears,2024-11,15.543333333333333,79.5,251
07,illes balears,2024-12,10.035483870967743,24.2,252
07,illes balears,2025-01,11.441935483870967,18.8,253
07,illes balears,2025-02,10.639285714285714,41.9,254
07,illes balears,2025-03,12.570967741935483,121.0,255
07,illes balears,2025-04,15.303333333333335,25.9,256
07,illes balears,2025-05,18.561290322580643,47.2,257
07,illes balears,2025-06,25.416666666666668,0.2,258
07,illes balears,2025-07,25.796774193548387,34.199999999999996,259
07,illes balears,2025-08,26.216129032258067,10.0,260
07,illes balears,2025-09,22.543333333333333,53.099999999999994,261
07,illes balears,2025-10,18.700000000000003,56.0,262
07,illes balears,2025-11,13.74,51.5,263
07,illes balears,2025-12,11.503225806451614,91.2,264
07,illes balears,2026-01,10.412903225806453,81.3,265
07,illes balears,2026-02,11.7,0.0,266
08,barcelona,2023-01,6.406451612903226,8.200000000000001,267
08,barcelona,2023-02,7.925,61.3,268
08,barcelona,2023-03,11.974193548387097,4.0,269
08,barcelona,2023-04,14.29,48.0,270
08,barcelona,2023-05,15.62258064516129,161.8,271
08,barcelona,2023-06,21.029999999999998,78.4,272
08,barcelona,2023-07,23.835483870967742,47.7,273
08,barcelona,2023-08,24.13225806451613,61.5,274
08,barcelona,2023-09,20.84333333333333,57.699999999999996,275
08,barcelona,2023-10,17.97741935483871,49.6,276
08,barcelona,2023-11,11.826666666666666,21.5,277
08,barcelona,2023-12,8.745161290322581,11.4,278
08,barcelona,2024-01,8.383870967741935,41.699999999999996,279
08,barcelona,2024-02,10.458620689655174,20.0,280
08,barcelona,2024-03,10.816129032258065,126.5,281
08,barcelona,2024-04,12.756666666666666,161.4,282
08,barcelona,2024-05,15.32258064516129,70.89999999999999,283
08,barcelona,2024-06,19.209999999999997,142.6,284
08,barcelona,2024-07,23.64516129032258,44.7,285
08,barcelona,2024-08,24.287096774193547,37.6,286
08,barcelona,2024-09,17.990000000000002,76.7,287
08,barcelona,2024-10,16.00967741935484,128.3,288
08,barcelona,2024-11,12.073333333333332,57.300000000000004,289
08,barcelona,2024-12,7.570967741935483,28.5,290
08,barcelona,2025-01,7.380645161290323,8.0,291
08,barcelona,2025-02,8.15,49.8,292
08,barcelona,2025-03,8.983870967741936,212.5,293
08,barcelona,2025-04,12.51,80.0,294
08,barcelona,2025-05,15.73225806451613,99.4,295
08,barcelona,2025-06,23.403333333333332,5.1000000000000005,296
08,barcelona,2025-07,22.374193548387098,187.9,297
08,barcelona,2025-08,23.08709677419355,41.6,298
08,barcelona,2025-09,18.59333333333333,135.6,299
08,barcelona,2025-10,15.470967741935485,65.2,300
08,barcelona,2025-11,9.966666666666667,36.2,301
08,barcelona,2025-12,8.116129032258064,90.8,302
08,barcelona,2026-01,6.116129032258065,136.20000000000002,303
08,barcelona,2026-02,6.5,0.0,304
09,burgos,2023-01,2.1096774193548384,78.3,305
09,burgos,2023-02,3.2642857142857147,21.3,306
09,burgos,2023-03,8.106451612903227,35.4,307
09,burgos,2023-04,11.629999999999999,19.2,308
09,burgos,2023-05,12.387096774193548,45.0,309
09,burgos,2023-06,17.39333333333333,101.5,310
09,burgos,2023-07,20.838709677419356,2.3,311
09,burgos,2023-08,21.583870967741937,6.5,312
09,burgos,2023-09,18.073333333333334,47.0,313
09,burgos,2023-10,14.780645161290321,143.2,314
09,burgos,2023-11,7.973333333333333,139.2,315
09,burgos,2023-12,4.148387096774194,52.2,316
09,burgos,2024-01,5.267741935483872,69.6,317
09,burgos,2024-02,6.2862068965517235,94.3,318
09,burgos,2024-03,6.67741935483871,113.3,319
09,burgos,2024-04,8.879999999999999,49.4,320
09,burgos,2024-05,11.019354838709678,79.8,321
09,burgos,2024-06,15.71,73.39999999999999,322
09,burgos,2024-07,21.151612903225807,6.1,323
09,burgos,2024-08,21.606451612903225,30.9,324
09,burgos,2024-09,13.79,32.9,325
09,burgos,2024-10,12.02258064516129,189.3,326
09,burgos,2024-11,9.16,25.6,327
09,burgos,2024-12,4.15483870967742,32.9,328
09,burgos,2025-01,4.1,97.5,329
09,burgos,2025-02,5.210714285714286,48.1,330
09,burgos,2025-03,5.27741935483871,87.2,331
09,burgos,2025-04,9.923333333333334,103.8,332
09,burgos,2025-05,11.812903225806451,122.5,333
09,burgos,2025-06,20.053333333333335,30.9,334
09,burgos,2025-07,19.503225806451614,4.2,335
09,burgos,2025-08,22.34193548387097,9.200000000000001,336
09,burgos,2025-09,15.873333333333333,10.7,337
09,burgos,2025-10,12.819354838709677,42.8,338
09,burgos,2025-11,6.34,86.8,339
09,burgos,2025-12,4.267741935483872,59.7,340
09,burgos,2026-01,2.2129032258064516,103.1,341
09,burgos,2026-02,4.3,0.1,342
10,cáceres,2023-01,7.270967741935484,48.6,343
10,cáceres,2023-02,7.875,12.1,344
10,cáceres,2023-03,13.019354838709678,27.6,345
10,cáceres,2023-04,18.526666666666664,5.499999999999999,346
10,cáceres,2023-05,19.364516129032257,68.0,347
10,cáceres,2023-06,23.93,44.0,348
10,cáceres,2023-07,27.541935483870965,0.0,349
10,cáceres,2023-08,28.467741935483872,0.0,350
10,cáceres,2023-09,21.25,75.5,351
10,cáceres,2023-10,19.051612903225806,171.8,352
10,cáceres,2023-11,12.4,84.7,353
10,cáceres,2023-12,7.829032258064516,34.9,354
10,cáceres,2024-01,9.225806451612904,112.9,355
10,cáceres,2024-02,10.727586206896552,63.699999999999996,356
10,cáceres,2024-03,11.641935483870967,143.3,357
10,cáceres,2024-04,15.34,36.1,358
10,cáceres,2024-05,18.48709677419355,16.0,359
10,cáceres,2024-06,22.39333333333333,67.60000000000001,360
10,cáceres,2024-07,27.919354838709676,0.0,361
10,cáceres,2024-08,29.461290322580645,0.1,362
10,cáceres,2024-09,21.663333333333334,16.9,363
10,cáceres,2024-10,16.6,111.6,364
10,cáceres,2024-11,13.096666666666666,65.5,365
10,cáceres,2024-12,7.987096774193549,11.6,366
10,cáceres,2025-01,8.319354838709677,193.8,367
10,cáceres,2025-02,9.549999999999999,42.800000000000004,368
10,cáceres,2025-03,10.01290322580645,216.4,369
10,cáceres,2025-04,13.916666666666666,100.6,370
10,cáceres,2025-05,18.212903225806453,56.3,371
10,cáceres,2025-06,26.233333333333334,43.7,372
10,cáceres,2025-07,27.429032258064513,0.0,373
10,cáceres,2025-08,28.741935483870968,0.0,374
10,cáceres,2025-09,21.933333333333334,45.5,375
10,cáceres,2025-10,19.019354838709678,52.6,376
10,cáceres,2025-11,10.636666666666667,128.1,377
10,cáceres,2025-12,8.219354838709679,128.7,378
10,cáceres,2026-01,7.361290322580645,144.4,379
10,cáceres,2026-02,10.1,25.2,380
11,cádiz,2023-01,9.174193548387096,45.8,381
11,cádiz,2023-02,10.367857142857144,11.4,382
11,cádiz,2023-03,14.038709677419355,24.9,383
11,cádiz,2023-04,18.18,3.8000000000000003,384
11,cádiz,2023-05,18.990322580645163,35.0,385
11,cádiz,2023-06,23.11,21.6,386
11,cádiz,2023-07,26.458064516129035,0.0,387
11,cádiz,2023-08,27.567741935483873,0.2,388
11,cádiz,2023-09,21.23,38.5,389
11,cádiz,2023-10,19.26451612903226,108.9,390
11,cádiz,2023-11,13.8,33.3,391
11,cádiz,2023-12,10.570967741935483,34.9,392
11,cádiz,2024-01,11.54516129032258,100.3,393
11,cádiz,2024-02,11.96206896551724,143.0,394
11,cádiz,2024-03,12.52258064516129,264.3,395
11,cádiz,2024-04,15.396666666666667,12.1,396
11,cádiz,2024-05,18.148387096774194,10.3,397
11,cádiz,2024-06,20.533333333333335,19.3,398
11,cádiz,2024-07,25.625806451612902,0.5,399
11,cádiz,2024-08,26.338709677419356,2.2,400
11,cádiz,2024-09,21.02,11.4,401
11,cádiz,2024-10,17.148387096774194,271.3,402
11,cádiz,2024-11,15.01,45.5,403
11,cádiz,2024-12,10.712903225806452,11.1,404
11,cádiz,2025-01,10.04516129032258,117.39999999999999,405
11,cádiz,2025-02,10.85,40.6,406
11,cádiz,2025-03,11.17741935483871,353.0,407
11,cádiz,2025-04,14.17,133.8,408
11,cádiz,2025-05,17.687096774193545,29.1,409
11,cádiz,2025-06,24.003333333333334,17.3,410
11,cádiz,2025-07,24.74516129032258,3.6,411
11,cádiz,2025-08,25.55483870967742,4.3,412
11,cádiz,2025-09,21.91,14.6,413
11,cádiz,2025-10,19.032258064516128,64.8,414
11,cádiz,2025-11,12.413333333333332,169.20000000000002,415
11,cádiz,2025-12,9.46774193548387,103.8,416
11,cádiz,2026-01,9.077419354838709,325.8,417
11,cádiz,2026-02,11.2,1.1,418
12,castellón/castelló,2023-01,5.754838709677419,2.7,419
12,castellón/castelló,2023-02,5.3500000000000005,22.400000000000002,420
12,castellón/castelló,2023-03,11.503225806451614,5.4,421
12,castellón/castelló,2023-04,13.406666666666666,11.4,422
12,castellón/castelló,2023-05,14.206451612903225,90.0,423
12,castellón/castelló,2023-06,19.746666666666666,68.7,424
12,castellón/castelló,2023-07,22.761290322580646,14.9,425
12,castellón/castelló,2023-08,22.94516129032258,14.799999999999999,426
12,castellón/castelló,2023-09,18.566666666666666,59.3,427
12,castellón/castelló,2023-10,16.529032258064515,30.0,428
12,castellón/castelló,2023-11,12.22,7.2,429
12,castellón/castelló,2023-12,8.812903225806451,6.8,430
12,castellón/castelló,2024-01,8.803225806451612,21.2,431
12,castellón/castelló,2024-02,9.875862068965516,15.0,432
12,castellón/castelló,2024-03,10.399999999999999,38.7,433
12,castellón/castelló,2024-04,12.42,11.200000000000001,434
12,castellón/castelló,2024-05,14.83548387096774,41.9,435
12,castellón/castelló,2024-06,18.14,87.6,436
12,castellón/castelló,2024-07,22.029032258064515,30.7,437
12,castellón/castelló,2024-08,22.661290322580644,16.900000000000002,438
12,castellón/castelló,2024-09,17.19,107.10000000000001,439
12,castellón/castelló,2024-10,14.851612903225806,181.0,440
12,castellón/castelló,2024-11,10.83,82.5,441
12,castellón/castelló,2024-12,6.870967741935484,14.9,442
12,castellón/castelló,2025-01,6.764516129032257,11.7,443
12,castellón/castelló,2025-02,7.2749999999999995,26.200000000000003,444
12,castellón/castelló,2025-03,7.65483870967742,182.2,445
12,castellón/castelló,2025-04,11.2,50.6,446
12,castellón/castelló,2025-05,14.529032258064515,77.2,447
12,castellón/castelló,2025-06,21.236666666666668,7.6,448
12,castellón/castelló,2025-07,21.283870967741933,28.3,449
12,castellón/castelló,2025-08,22.16774193548387,20.7,450
12,castellón/castelló,2025-09,17.666666666666668,52.6,451
12,castellón/castelló,2025-10,14.067741935483872,91.8,452
12,castellón/castelló,2025-11,9.263333333333332,24.4,453
12,castellón/castelló,2025-12,6.774193548387097,49.9,454
12,castellón/castelló,2026-01,6.016129032258065,54.6,455
12,castellón/castelló,2026-02,6.5,5.8,456
13,ciudad real,2023-01,5.503225806451613,18.099999999999998,457
13,ciudad real,2023-02,6.778571428571429,2.6,458
13,ciudad real,2023-03,12.558064516129033,6.0,459
13,ciudad real,2023-04,17.653333333333332,4.3999999999999995,460
13,ciudad real,2023-05,18.02258064516129,48.7,461
13,ciudad real,2023-06,23.31,72.9,462
13,ciudad real,2023-07,28.683870967741935,0.0,463
13,ciudad real,2023-08,28.532258064516128,1.3,464
13,ciudad real,2023-09,20.736666666666668,73.3,465
13,ciudad real,2023-10,17.95483870967742,65.2,466
13,ciudad real,2023-11,11.256666666666666,13.0,467
13,ciudad real,2023-12,6.319354838709677,25.400000000000002,468
13,ciudad real,2024-01,8.425806451612903,42.8,469
13,ciudad real,2024-02,9.303448275862069,55.699999999999996,470
13,ciudad real,2024-03,10.996774193548386,158.3,471
13,ciudad real,2024-04,14.806666666666667,11.299999999999999,472
13,ciudad real,2024-05,18.848387096774193,1.9000000000000001,473
13,ciudad real,2024-06,23.12,45.2,474
13,ciudad real,2024-07,29.164516129032258,0.0,475
13,ciudad real,2024-08,29.312903225806455,36.7,476
13,ciudad real,2024-09,21.353333333333335,23.099999999999998,477
13,ciudad real,2024-10,16.14516129032258,108.0,478
13,ciudad real,2024-11,12.153333333333334,26.7,479
13,ciudad real,2024-12,6.04516129032258,7.7,480
13,ciudad real,2025-01,6.893548387096774,58.1,481
13,ciudad real,2025-02,8.310714285714285,24.5,482
13,ciudad real,2025-03,9.312903225806451,168.0,483
13,ciudad real,2025-04,13.56,71.7,484
13,ciudad real,2025-05,18.261290322580646,49.1,485
13,ciudad real,2025-06,27.13,18.9,486
13,ciudad real,2025-07,28.174193548387095,1.8,487
13,ciudad real,2025-08,28.751612903225805,0.1,488
13,ciudad real,2025-09,22.39,22.700000000000003,489
13,ciudad real,2025-10,17.690322580645162,42.4,490
13,ciudad real,2025-11,9.716666666666667,67.8,491
13,ciudad real,2025-12,6.964516129032258,40.800000000000004,492
13,ciudad real,2026-01,6.145161290322581,84.3,493
13,ciudad real,2026-02,8.2,0.4,494
14,córdoba,2023-01,9.516129032258064,23.3,495
14,córdoba,2023-02,11.0,28.5,496
14,córdoba,2023-03,15.638709677419355,18.599999999999998,497
14,córdoba,2023-04,21.103333333333335,6.0,498
14,córdoba,2023-05,22.138709677419353,66.2,499
14,córdoba,2023-06,27.013333333333332,43.2,500
14,córdoba,2023-07,31.925806451612903,0.0,501
14,córdoba,2023-08,31.961290322580645,0.0,502
14,córdoba,2023-09,24.61,49.0,503
14,córdoba,2023-10,21.4,99.4,504
14,córdoba,2023-11,14.503333333333334,16.6,505
14,córdoba,2023-12,9.825806451612904,36.3,506
14,córdoba,2024-01,11.451612903225806,73.4,507
14,córdoba,2024-02,12.617241379310345,104.1,508
14,córdoba,2024-03,14.274193548387096,189.5,509
14,córdoba,2024-04,17.52,21.9,510
14,córdoba,2024-05,21.812903225806455,8.4,511
14,córdoba,2024-06,25.3,46.4,512
14,córdoba,2024-07,30.974193548387095,0.6000000000000001,513
14,córdoba,2024-08,31.648387096774194,1.4000000000000001,514
14,córdoba,2024-09,24.896666666666665,5.1,515
14,córdoba,2024-10,19.345161290322583,160.2,516
14,córdoba,2024-11,15.316666666666666,40.0,517
14,córdoba,2024-12,9.87741935483871,5.3999999999999995,518
14,córdoba,2025-01,9.890322580645162,95.5,519
14,córdoba,2025-02,11.24642857142857,44.800000000000004,520
14,córdoba,2025-03,12.33548387096774,239.3,521
14,córdoba,2025-04,16.529999999999998,84.9,522
14,córdoba,2025-05,20.761290322580646,64.5,523
14,córdoba,2025-06,28.65666666666667,5.1000000000000005,524
14,córdoba,2025-07,30.30322580645161,0.1,525
14,córdoba,2025-08,30.60967741935484,0.0,526
14,córdoba,2025-09,25.596666666666668,11.7,527
14,córdoba,2025-10,21.225806451612904,57.6,528
14,córdoba,2025-11,12.7,109.10000000000001,529
14,córdoba,2025-12,9.874193548387098,78.10000000000001,530
14,córdoba,2026-01,9.46774193548387,134.2,531
14,córdoba,2026-02,10.7,5.0,532
15,a coruña,2023-01,7.238709677419355,268.4,533
15,a coruña,2023-02,6.9,30.8,534
15,a coruña,2023-03,9.94516129032258,135.7,535
15,a coruña,2023-04,12.35,62.6,536
15,a coruña,2023-05,14.174193548387096,46.8,537
15,a coruña,2023-06,17.453333333333333,142.3,538
15,a coruña,2023-07,17.225806451612904,48.5,539
15,a coruña,2023-08,18.806451612903224,34.5,540
15,a coruña,2023-09,17.416666666666668,120.7,541
15,a coruña,2023-10,15.96774193548387,314.0,542
15,a coruña,2023-11,11.263333333333332,239.8,543
15,a coruña,2023-12,8.506451612903225,178.0,544
15,a coruña,2024-01,8.912903225806453,123.9,545
15,a coruña,2024-02,9.841379310344827,167.5,546
15,a coruña,2024-03,8.709677419354838,164.0,547
15,a coruña,2024-04,11.393333333333334,142.1,548
15,a coruña,2024-05,12.16451612903226,154.70000000000002,549
15,a coruña,2024-06,15.146666666666667,67.6,550
15,a coruña,2024-07,17.603225806451615,48.6,551
15,a coruña,2024-08,18.483870967741936,36.5,552
15,a coruña,2024-09,15.176666666666668,107.7,553
15,a coruña,2024-10,14.593548387096773,248.1,554
15,a coruña,2024-11,12.99,97.39999999999999,555
15,a coruña,2024-12,8.51290322580645,82.60000000000001,556
15,a coruña,2025-01,8.783870967741937,355.3,557
15,a coruña,2025-02,9.289285714285715,165.8,558
15,a coruña,2025-03,8.674193548387096,109.5,559
15,a coruña,2025-04,12.346666666666666,205.9,560
15,a coruña,2025-05,13.070967741935483,109.2,561
15,a coruña,2025-06,18.006666666666668,63.199999999999996,562
15,a coruña,2025-07,17.651612903225807,66.5,563
15,a coruña,2025-08,18.94193548387097,27.1,564
15,a coruña,2025-09,15.386666666666667,67.8,565
15,a coruña,2025-10,14.73225806451613,114.9,566
15,a coruña,2025-11,10.270000000000001,230.5,567
15,a coruña,2025-12,7.65483870967742,224.4,568
15,a coruña,2026-01,6.961290322580646,313.5,569
15,a coruña,2026-02,10.2,13.9,570
16,cuenca,2023-01,3.3,56.800000000000004,571
16,cuenca,2023-02,4.339285714285714,6.1,572
16,cuenca,2023-03,10.09032258064516,11.0,573
16,cuenca,2023-04,14.953333333333335,2.6,574
16,cuenca,2023-05,15.325806451612902,80.0,575
16,cuenca,2023-06,19.876666666666665,95.9,576
16,cuenca,2023-07,26.112903225806452,4.9,577
16,cuenca,2023-08,25.641935483870967,1.8,578
16,cuenca,2023-09,18.913333333333334,86.1,579
16,cuenca,2023-10,15.787096774193548,71.3,580
16,cuenca,2023-11,8.8,31.7,581
16,cuenca,2023-12,4.790322580645161,28.5,582
16,cuenca,2024-01,6.422580645161291,89.7,583
16,cuenca,2024-02,7.048275862068966,63.5,584
16,cuenca,2024-03,8.474193548387097,158.1,585
16,cuenca,2024-04,11.896666666666667,27.3,586
16,cuenca,2024-05,16.096774193548388,18.0,587
16,cuenca,2024-06,20.173333333333336,71.4,588
16,cuenca,2024-07,25.748387096774195,6.7,589
16,cuenca,2024-08,25.75483870967742,17.6,590
16,cuenca,2024-09,17.873333333333335,46.4,591
16,cuenca,2024-10,13.825806451612904,121.3,592
16,cuenca,2024-11,9.923333333333334,10.7,593
16,cuenca,2024-12,4.725806451612903,10.6,594
16,cuenca,2025-01,4.558064516129033,71.9,595
16,cuenca,2025-02,6.117857142857143,22.0,596
16,cuenca,2025-03,6.66774193548387,160.7,597
16,cuenca,2025-04,10.943333333333333,68.60000000000001,598
16,cuenca,2025-05,14.541935483870969,80.0,599
16,cuenca,2025-06,23.303333333333335,16.4,600
16,cuenca,2025-07,23.993548387096773,12.1,601
16,cuenca,2025-08,24.919354838709676,5.5,602
16,cuenca,2025-09,19.493333333333332,3.6,603
16,cuenca,2025-10,14.964516129032257,55.0,604
16,cuenca,2025-11,7.36,63.800000000000004,605
16,cuenca,2025-12,5.106451612903226,26.1,606
16,cuenca,2026-01,3.7483870967741937,106.0,607
16,cuenca,2026-02,4.9,0.8,608
17,girona,2023-01,5.703225806451614,33.8,609
17,girona,2023-02,7.164285714285714,56.0,610
17,girona,2023-03,11.729032258064517,19.8,611
17,girona,2023-04,14.446666666666665,51.6,612
17,girona,2023-05,17.151612903225807,100.4,613
17,girona,2023-06,22.5,100.30000000000001,614
17,girona,2023-07,25.325806451612905,39.5,615
17,girona,2023-08,24.751612903225805,75.60000000000001,616
17,girona,2023-09,20.89333333333333,99.1,617
17,girona,2023-10,18.506451612903227,33.6,618
17,girona,2023-11,11.996666666666666,41.4,619
17,girona,2023-12,7.574193548387097,33.5,620
17,girona,2024-01,8.025806451612903,29.5,621
17,girona,2024-02,10.431034482758621,68.0,622
17,girona,2024-03,11.687096774193549,91.2,623
17,girona,2024-04,13.566666666666666,96.6,624
17,girona,2024-05,15.770967741935483,147.0,625
17,girona,2024-06,19.96333333333333,104.39999999999999,626
17,girona,2024-07,24.25483870967742,55.7,627
17,girona,2024-08,25.283870967741933,33.4,628
17,girona,2024-09,18.64333333333333,87.4,629
17,girona,2024-10,16.49032258064516,88.9,630
17,girona,2024-11,12.22,30.7,631
17,girona,2024-12,6.596774193548387,22.099999999999998,632
17,girona,2025-01,7.54516129032258,20.4,633
17,girona,2025-02,8.335714285714285,57.0,634
17,girona,2025-03,9.341935483870968,247.70000000000002,635
17,girona,2025-04,13.01,70.4,636
17,girona,2025-05,16.19677419354839,141.5,637
17,girona,2025-06,23.426666666666666,19.9,638
17,girona,2025-07,22.996774193548386,158.3,639
17,girona,2025-08,23.95483870967742,35.7,640
17,girona,2025-09,18.82,91.10000000000001,641
17,girona,2025-10,15.48709677419355,43.7,642
17,girona,2025-11,10.063333333333333,38.1,643
17,girona,2025-12,8.09032258064516,220.9,644
17,girona,2026-01,5.951612903225806,194.4,645
17,girona,2026-02,6.6,0.0,646
18,granada,2023-01,4.558064516129033,83.7,647
18,granada,2023-02,4.853571428571429,22.5,648
18,granada,2023-03,10.629032258064516,23.1,649
18,granada,2023-04,15.036666666666667,1.9,650
18,granada,2023-05,14.19032258064516,118.8,651
18,granada,2023-06,19.366666666666667,62.5,652
18,granada,2023-07,26.187096774193545,1.3,653
18,granada,2023-08,26.02258064516129,1.3,654
18,granada,2023-09,19.07,23.5,655
18,granada,2023-10,15.751612903225807,93.6,656
18,granada,2023-11,11.18,25.8,657
18,granada,2023-12,8.270967741935483,33.2,658
18,granada,2024-01,8.93225806451613,67.2,659
18,granada,2024-02,8.051724137931034,170.8,660
18,granada,2024-03,8.729032258064517,211.1,661
18,granada,2024-04,11.84,37.7,662
18,granada,2024-05,15.280645161290321,20.7,663
18,granada,2024-06,19.383333333333333,11.6,664
18,granada,2024-07,25.306451612903224,3.6,665
18,granada,2024-08,25.151612903225807,5.0,666
18,granada,2024-09,18.49,45.5,667
18,granada,2024-10,13.996774193548386,90.0,668
18,granada,2024-11,11.19,20.4,669
18,granada,2024-12,6.741935483870968,3.3,670
18,granada,2025-01,5.961290322580646,73.8,671
18,granada,2025-02,7.1571428571428575,34.5,672
18,granada,2025-03,6.929032258064517,194.9,673
18,granada,2025-04,11.07,90.4,674
18,granada,2025-05,14.880645161290323,62.0,675
18,granada,2025-06,23.85666666666667,16.4,676
18,granada,2025-07,24.616129032258065,0.1,677
18,granada,2025-08,25.038709677419355,2.5,678
18,granada,2025-09,20.15,15.9,679
18,granada,2025-10,15.838709677419354,32.1,680
18,granada,2025-11,8.986666666666668,78.6,681
18,granada,2025-12,4.516129032258065,75.2,682
18,granada,2026-01,4.496774193548387,254.9,683
18,granada,2026-02,6.0,0.1,684
19,guadalajara,2023-01,2.9129032258064513,40.699999999999996,685
19,guadalajara,2023-02,3.4714285714285715,13.4,686
19,guadalajara,2023-03,8.96774193548387,14.4,687
19,guadalajara,2023-04,13.606666666666666,22.1,688
19,guadalajara,2023-05,14.219354838709679,49.9,689
19,guadalajara,2023-06,19.146666666666665,107.39999999999999,690
19,guadalajara,2023-07,24.896774193548385,4.4,691
19,guadalajara,2023-08,24.87741935483871,2.5,692
19,guadalajara,2023-09,17.866666666666667,80.1,693
19,guadalajara,2023-10,15.02258064516129,119.8,694
19,guadalajara,2023-11,8.546666666666665,38.2,695
19,guadalajara,2023-12,4.316129032258065,48.7,696
19,guadalajara,2024-01,5.551612903225807,94.4,697
19,guadalajara,2024-02,6.551724137931035,54.5,698
19,guadalajara,2024-03,7.67741935483871,182.9,699
19,guadalajara,2024-04,10.610000000000001,23.900000000000002,700
19,guadalajara,2024-05,13.861290322580645,39.6,701
19,guadalajara,2024-06,18.816666666666666,65.5,702
19,guadalajara,2024-07,24.30322580645161,9.600000000000001,703
19,guadalajara,2024-08,24.725806451612904,19.700000000000003,704
19,guadalajara,2024-09,16.12666666666667,78.6,705
19,guadalajara,2024-10,12.829032258064515,137.4,706
19,guadalajara,2024-11,8.92,10.8,707
19,guadalajara,2024-12,4.174193548387097,15.000000000000002,708
19,guadalajara,2025-01,4.209677419354839,68.8,709
19,guadalajara,2025-02,5.542857142857143,36.1,710
19,guadalajara,2025-03,5.906451612903226,188.20000000000002,711
19,guadalajara,2025-04,10.623333333333333,96.0,712
19,guadalajara,2025-05,13.619354838709677,86.8,713
19,guadalajara,2025-06,22.12,26.3,714
19,guadalajara,2025-07,22.616129032258065,4.0,715
19,guadalajara,2025-08,23.98709677419355,2.7,716
19,guadalajara,2025-09,18.246666666666666,11.299999999999999,717
19,guadalajara,2025-10,14.296774193548387,29.8,718
19,guadalajara,2025-11,6.88,56.5,719
19,guadalajara,2025-12,4.338709677419355,45.2,720
19,guadalajara,2026-01,2.725806451612903,91.10000000000001,721
19,guadalajara,2026-02,3.3,1.4,722
20,gipuzkoa,2023-01,3.264516129032258,249.3,723
20,gipuzkoa,2023-02,3.564285714285714,63.6,724
20,gipuzkoa,2023-03,8.919354838709678,83.4,725
20,gipuzkoa,2023-04,9.613333333333333,112.8,726
20,gipuzkoa,2023-05,11.751612903225807,138.3,727
20,gipuzkoa,2023-06,16.836666666666666,107.3,728
20,gipuzkoa,2023-07,16.835483870967742,54.3,729
20,gipuzkoa,2023-08,17.493548387096773,111.7,730
20,gipuzkoa,2023-09,17.533333333333335,64.5,731
20,gipuzkoa,2023-10,14.964516129032257,158.3,732
20,gipuzkoa,2023-11,9.29,207.5,733
20,gipuzkoa,2023-12,5.967741935483871,149.3,734
20,gipuzkoa,2024-01,5.422580645161291,118.7,735
20,gipuzkoa,2024-02,7.193103448275862,203.20000000000002,736
20,gipuzkoa,2024-03,8.025806451612903,115.0,737
20,gipuzkoa,2024-04,9.276666666666667,114.7,738
20,gipuzkoa,2024-05,10.880645161290323,152.1,739
20,gipuzkoa,2024-06,14.103333333333333,109.3,740
20,gipuzkoa,2024-07,16.980645161290322,51.0,741
20,gipuzkoa,2024-08,17.4,81.3,742
20,gipuzkoa,2024-09,13.166666666666666,182.5,743
20,gipuzkoa,2024-10,13.05483870967742,201.5,744
20,gipuzkoa,2024-11,9.483333333333333,78.9,745
20,gipuzkoa,2024-12,5.445161290322581,173.2,746
20,gipuzkoa,2025-01,5.22258064516129,181.4,747
20,gipuzkoa,2025-02,6.721428571428571,73.7,748
20,gipuzkoa,2025-03,6.870967741935484,141.1,749
20,gipuzkoa,2025-04,10.343333333333334,108.8,750
20,gipuzkoa,2025-05,11.880645161290323,135.4,751
20,gipuzkoa,2025-06,17.476666666666667,54.7,752
20,gipuzkoa,2025-07,16.6,97.0,753
20,gipuzkoa,2025-08,18.05806451612903,70.1,754
20,gipuzkoa,2025-09,14.393333333333334,73.8,755
20,gipuzkoa,2025-10,12.180645161290323,72.60000000000001,756
20,gipuzkoa,2025-11,8.243333333333334,187.0,757
20,gipuzkoa,2025-12,5.841935483870968,76.6,758
20,gipuzkoa,2026-01,3.870967741935484,142.2,759
20,gipuzkoa,2026-02,5.4,0.8,760
21,huelva,2023-01,10.319354838709677,20.7,761
21,huelva,2023-02,11.5,15.2,762
21,huelva,2023-03,15.422580645161291,35.0,763
21,huelva,2023-04,20.616666666666667,11.700000000000001,764
21,huelva,2023-05,21.067741935483873,52.2,765
21,huelva,2023-06,25.573333333333334,40.9,766
21,huelva,2023-07,29.029032258064515,0.0,767
21,huelva,2023-08,30.125806451612902,0.3,768
21,huelva,2023-09,22.456666666666667,60.0,769
21,huelva,2023-10,20.725806451612904,151.5,770
21,huelva,2023-11,14.666666666666666,27.9,771
21,huelva,2023-12,10.906451612903227,42.1,772
21,huelva,2024-01,12.19032258064516,79.5,773
21,huelva,2024-02,13.024137931034483,77.89999999999999,774
21,huelva,2024-03,13.59032258064516,192.6,775
21,huelva,2024-04,16.953333333333333,23.8,776
21,huelva,2024-05,20.112903225806452,6.8,777
21,huelva,2024-06,22.86,27.9,778
21,huelva,2024-07,28.09032258064516,0.1,779
21,huelva,2024-08,28.783870967741933,1.3,780
21,huelva,2024-09,22.883333333333333,15.899999999999999,781
21,huelva,2024-10,18.309677419354838,198.0,782
21,huelva,2024-11,15.633333333333333,67.4,783
21,huelva,2024-12,10.97741935483871,2.2,784
21,huelva,2025-01,10.66451612903226,189.4,785
21,huelva,2025-02,11.407142857142857,38.0,786
21,huelva,2025-03,11.980645161290322,297.6,787
21,huelva,2025-04,15.656666666666666,155.6,788
21,huelva,2025-05,19.506451612903227,27.3,789
21,huelva,2025-06,26.076666666666664,39.8,790
21,huelva,2025-07,26.79032258064516,0.2,791
21,huelva,2025-08,27.54516129032258,0.0,792
21,huelva,2025-09,23.69333333333333,5.1,793
21,huelva,2025-10,20.806451612903224,88.2,794
21,huelva,2025-11,13.05,118.69999999999999,795
21,huelva,2025-12,10.238709677419354,103.8,796
21,huelva,2026-01,9.63225806451613,187.4,797
21,huelva,2026-02,12.4,6.2,798
22,huesca,2023-01,4.116129032258065,46.2,799
22,huesca,2023-02,5.667857142857143,56.7,800
22,huesca,2023-03,11.180645161290323,5.0,801
22,huesca,2023-04,15.319999999999999,9.4,802
22,huesca,2023-05,17.20967741935484,78.5,803
22,huesca,2023-06,21.133333333333333,143.3,804
22,huesca,2023-07,24.677419354838708,21.6,805
22,huesca,2023-08,25.625806451612902,14.400000000000002,806
22,huesca,2023-09,20.36,65.6,807
22,huesca,2023-10,16.98709677419355,105.3,808
22,huesca,2023-11,9.979999999999999,44.9,809
22,huesca,2023-12,6.780645161290322,18.0,810
22,huesca,2024-01,6.474193548387096,37.4,811
22,huesca,2024-02,8.210344827586207,83.3,812
22,huesca,2024-03,9.47741935483871,184.8,813
22,huesca,2024-04,12.406666666666666,39.300000000000004,814
22,huesca,2024-05,15.516129032258064,52.7,815
22,huesca,2024-06,21.12,133.79999999999998,816
22,huesca,2024-07,25.89032258064516,10.1,817
22,huesca,2024-08,25.94516129032258,25.1,818
22,huesca,2024-09,16.693333333333335,237.7,819
22,huesca,2024-10,14.541935483870969,198.1,820
22,huesca,2024-11,10.703333333333335,22.9,821
22,huesca,2024-12,6.04516129032258,14.200000000000001,822
22,huesca,2025-01,5.483870967741935,25.0,823
22,huesca,2025-02,7.05,42.3,824
22,huesca,2025-03,8.05483870967742,154.2,825
22,huesca,2025-04,12.206666666666667,125.4,826
22,huesca,2025-05,16.006451612903227,99.4,827
22,huesca,2025-06,25.053333333333335,22.0,828
22,huesca,2025-07,23.938709677419357,38.7,829
22,huesca,2025-08,25.335483870967742,86.9,830
22,huesca,2025-09,18.566666666666666,130.4,831
22,huesca,2025-10,14.770967741935483,32.8,832
22,huesca,2025-11,8.776666666666667,66.0,833
22,huesca,2025-12,6.354838709677419,41.2,834
22,huesca,2026-01,4.854838709677419,122.4,835
22,huesca,2026-02,5.9,0.0,836
23,jaén,2023-01,7.306451612903226,30.799999999999997,837
23,jaén,2023-02,8.875,11.2,838
23,jaén,2023-03,13.37741935483871,26.2,839
23,jaén,2023-04,18.413333333333334,4.1,840
23,jaén,2023-05,18.990322580645163,59.5,841
23,jaén,2023-06,23.91,29.6,842
23,jaén,2023-07,29.574193548387097,0.1,843
23,jaén,2023-08,29.53548387096774,0.0,844
23,jaén,2023-09,22.423333333333336,35.5,845
23,jaén,2023-10,19.12258064516129,90.7,846
23,jaén,2023-11,12.456666666666667,15.6,847
23,jaén,2023-12,7.735483870967743,40.8,848
23,jaén,2024-01,9.761290322580646,44.1,849
23,jaén,2024-02,10.43448275862069,128.6,850
23,jaén,2024-03,11.925806451612903,169.8,851
23,jaén,2024-04,15.356666666666666,21.5,852
23,jaén,2024-05,19.17096774193548,20.299999999999997,853
23,jaén,2024-06,23.223333333333336,9.2,854
23,jaén,2024-07,29.387096774193548,0.1,855
23,jaén,2024-08,29.55806451612903,4.3,856
23,jaén,2024-09,22.52,6.7,857
23,jaén,2024-10,17.080645161290324,169.8,858
23,jaén,2024-11,13.816666666666666,25.4,859
23,jaén,2024-12,8.125806451612904,1.2,860
23,jaén,2025-01,7.938709677419355,101.0,861
23,jaén,2025-02,9.614285714285714,22.1,862
23,jaén,2025-03,10.37741935483871,188.5,863
23,jaén,2025-04,14.496666666666666,70.0,864
23,jaén,2025-05,18.77741935483871,55.9,865
23,jaén,2025-06,27.9,3.8000000000000003,866
23,jaén,2025-07,29.151612903225807,0.30000000000000004,867
23,jaén,2025-08,29.451612903225808,0.1,868
23,jaén,2025-09,24.133333333333333,32.2,869
23,jaén,2025-10,19.425806451612903,58.1,870
23,jaén,2025-11,10.629999999999999,61.7,871
23,jaén,2025-12,7.609677419354839,64.8,872
23,jaén,2026-01,7.174193548387097,183.8,873
23,jaén,2026-02,8.2,0.6,874
24,león,2023-01,3.051612903225806,92.3,875
24,león,2023-02,3.167857142857143,10.1,876
24,león,2023-03,8.083870967741936,17.6,877
24,león,2023-04,12.563333333333333,11.3,878
24,león,2023-05,13.958064516129031,50.699999999999996,879
24,león,2023-06,18.246666666666666,102.7,880
24,león,2023-07,20.825806451612905,1.6,881
24,león,2023-08,21.993548387096773,1.7999999999999998,882
24,león,2023-09,16.24,66.4,883
24,león,2023-10,13.819354838709678,130.1,884
24,león,2023-11,8.37,96.1,885
24,león,2023-12,3.174193548387097,34.1,886
24,león,2024-01,4.183870967741935,40.6,887
24,león,2024-02,5.937931034482758,64.9,888
24,león,2024-03,6.72258064516129,93.2,889
24,león,2024-04,10.123333333333333,56.6,890
24,león,2024-05,11.880645161290323,47.8,891
24,león,2024-06,17.029999999999998,72.10000000000001,892
24,león,2024-07,21.88064516129032,16.1,893
24,león,2024-08,22.4741935483871,6.0,894
24,león,2024-09,14.8,44.1,895
24,león,2024-10,12.46774193548387,86.4,896
24,león,2024-11,9.163333333333332,40.0,897
24,león,2024-12,4.032258064516129,21.5,898
24,león,2025-01,4.106451612903226,134.0,899
24,león,2025-02,5.310714285714285,33.099999999999994,900
24,león,2025-03,6.138709677419355,78.4,901
24,león,2025-04,10.533333333333333,71.0,902
24,león,2025-05,12.932258064516128,51.7,903
24,león,2025-06,20.113333333333333,34.2,904
24,león,2025-07,20.154838709677417,13.6,905
24,león,2025-08,22.348387096774193,2.5,906
24,león,2025-09,15.69,13.5,907
24,león,2025-10,13.087096774193547,38.7,908
24,león,2025-11,6.733333333333333,95.0,909
24,león,2025-12,4.351612903225806,61.0,910
24,león,2026-01,3.0903225806451613,94.0,911
24,león,2026-02,4.7,3.0,912
25,lleida,2023-01,3.661290322580645,28.900000000000002,913
25,lleida,2023-02,5.364285714285714,30.2,914
25,lleida,2023-03,11.55483870967742,6.1,915
25,lleida,2023-04,15.2,14.8,916
25,lleida,2023-05,16.783870967741933,84.7,917
25,lleida,2023-06,21.603333333333335,94.6,918
25,lleida,2023-07,25.338709677419356,38.7,919
25,lleida,2023-08,25.851612903225806,31.6,920
25,lleida,2023-09,21.046666666666667,58.2,921
25,lleida,2023-10,17.37741935483871,66.0,922
25,lleida,2023-11,9.303333333333335,20.400000000000002,923
25,lleida,2023-12,5.396774193548388,9.1,924
25,lleida,2024-01,5.432258064516129,41.5,925
25,lleida,2024-02,7.958620689655173,28.5,926
25,lleida,2024-03,10.129032258064516,88.4,927
25,lleida,2024-04,13.44,95.89999999999999,928
25,lleida,2024-05,16.038709677419355,86.1,929
25,lleida,2024-06,20.83,114.5,930
25,lleida,2024-07,25.432258064516127,24.1,931
25,lleida,2024-08,25.81935483870968,12.7,932
25,lleida,2024-09,17.18,111.8,933
25,lleida,2024-10,14.929032258064517,170.4,934
25,lleida,2024-11,10.296666666666665,23.1,935
25,lleida,2024-12,4.838709677419355,5.4,936
25,lleida,2025-01,4.4,17.2,937
25,lleida,2025-02,6.428571428571429,23.4,938
25,lleida,2025-03,8.07741935483871,155.6,939
25,lleida,2025-04,12.023333333333333,115.5,940
25,lleida,2025-05,15.983870967741936,94.5,941
25,lleida,2025-06,25.436666666666667,12.3,942
25,lleida,2025-07,23.783870967741933,89.0,943
25,lleida,2025-08,25.248387096774195,70.0,944
25,lleida,2025-09,18.496666666666666,129.3,945
25,lleida,2025-10,14.712903225806452,45.3,946
25,lleida,2025-11,7.9766666666666675,58.1,947
25,lleida,2025-12,5.874193548387097,44.8,948
25,lleida,2026-01,4.025806451612903,115.1,949
25,lleida,2026-02,4.6,0.0,950
26,la rioja,2023-01,1.0258064516129033,98.3,951
26,la rioja,2023-02,0.5714285714285714,61.5,952
26,la rioja,2023-03,6.690322580645161,36.7,953
26,la rioja,2023-04,9.053333333333335,50.5,954
26,la rioja,2023-05,9.94516129032258,104.2,955
26,la rioja,2023-06,14.953333333333335,122.8,956
26,la rioja,2023-07,17.351612903225806,17.7,957
26,la rioja,2023-08,18.403225806451612,36.7,958
26,la rioja,2023-09,15.743333333333334,76.8,959
26,la rioja,2023-10,13.12258064516129,104.9,960
26,la rioja,2023-11,7.3,110.7,961
26,la rioja,2023-12,3.870967741935484,42.2,962
26,la rioja,2024-01,3.7451612903225806,52.5,963
26,la rioja,2024-02,5.017241379310345,107.5,964
26,la rioja,2024-03,5.635483870967741,106.2,965
26,la rioja,2024-04,7.636666666666667,36.7,966
26,la rioja,2024-05,9.55483870967742,131.4,967
26,la rioja,2024-06,13.7,70.0,968
26,la rioja,2024-07,18.345161290322583,19.400000000000002,969
26,la rioja,2024-08,18.151612903225807,63.8,970
26,la rioja,2024-09,11.646666666666667,70.6,971
26,la rioja,2024-10,10.916129032258064,152.4,972
26,la rioja,2024-11,7.2,30.1,973
26,la rioja,2024-12,2.648387096774193,63.7,974
26,la rioja,2025-01,3.103225806451613,79.60000000000001,975
26,la rioja,2025-02,3.6750000000000003,55.0,976
26,la rioja,2025-03,3.6870967741935483,134.6,977
26,la rioja,2025-04,8.3,104.2,978
26,la rioja,2025-05,10.258064516129032,115.4,979
26,la rioja,2025-06,17.953333333333333,43.4,980
26,la rioja,2025-07,16.62258064516129,22.7,981
26,la rioja,2025-08,18.925806451612903,30.7,982
26,la rioja,2025-09,13.533333333333333,37.1,983
26,la rioja,2025-10,10.606451612903227,45.4,984
26,la rioja,2025-11,5.463333333333334,99.5,985
26,la rioja,2025-12,3.170967741935484,51.3,986
26,la rioja,2026-01,1.7806451612903227,71.8,987
26,la rioja,2026-02,4.0,0.2,988
27,lugo,2023-01,5.387096774193548,280.09999999999997,989
27,lugo,2023-02,5.9,29.5,990
27,lugo,2023-03,9.170967741935485,113.9,991
27,lugo,2023-04,11.733333333333333,88.9,992
27,lugo,2023-05,13.370967741935484,61.6,993
27,lugo,2023-06,17.12,151.29999999999998,994
27,lugo,2023-07,17.361290322580647,35.4,995
27,lugo,2023-08,18.893548387096775,33.8,996
27,lugo,2023-09,16.996666666666666,126.39999999999999,997
27,lugo,2023-10,15.23225806451613,319.9,998
27,lugo,2023-11,9.883333333333333,289.4,999
27,lugo,2023-12,6.841935483870968,161.7,1000
27,lugo,2024-01,7.838709677419355,133.1,1001
27,lugo,2024-02,8.413793103448276,196.4,1002
27,lugo,2024-03,7.632258064516129,189.4,1003
27,lugo,2024-04,10.360000000000001,103.6,1004
27,lugo,2024-05,11.187096774193549,179.0,1005
27,lugo,2024-06,14.69,61.699999999999996,1006
27,lugo,2024-07,17.87741935483871,58.0,1007
27,lugo,2024-08,18.774193548387096,13.5,1008
27,lugo,2024-09,14.163333333333332,149.7,1009
27,lugo,2024-10,13.53225806451613,225.1,1010
27,lugo,2024-11,11.783333333333333,104.10000000000001,1011
27,lugo,2024-12,6.851612903225806,65.7,1012
27,lugo,2025-01,6.922580645161291,270.6,1013
27,lugo,2025-02,8.117857142857144,112.60000000000001,1014
27,lugo,2025-03,7.635483870967741,87.9,1015
27,lugo,2025-04,11.4,167.8,1016
27,lugo,2025-05,12.654838709677419,132.8,1017
27,lugo,2025-06,18.256666666666668,31.0,1018
27,lugo,2025-07,17.519354838709678,19.900000000000002,1019
27,lugo,2025-08,19.570967741935487,35.5,1020
27,lugo,2025-09,14.906666666666666,52.3,1021
27,lugo,2025-10,13.929032258064517,105.4,1022
27,lugo,2025-11,8.84,173.8,1023
27,lugo,2025-12,6.432258064516129,160.5,1024
27,lugo,2026-01,5.132258064516129,260.3,1025
27,lugo,2026-02,8.9,3.4,1026
28,madrid,2023-01,4.361290322580645,23.7,1027
28,madrid,2023-02,5.2250000000000005,5.9,1028
28,madrid,2023-03,10.919354838709678,13.5,1029
28,madrid,2023-04,15.993333333333334,6.9,1030
28,madrid,2023-05,16.616129032258065,56.0,1031
28,madrid,2023-06,21.45,63.0,1032
28,madrid,2023-07,26.293548387096774,4.8,1033
28,madrid,2023-08,26.687096774193545,0.7999999999999999,1034
28,madrid,2023-09,19.083333333333332,158.2,1035
28,madrid,2023-10,16.170967741935485,124.19999999999999,1036
28,madrid,2023-11,9.986666666666668,36.0,1037
28,madrid,2023-12,5.190322580645161,43.2,1038
28,madrid,2024-01,6.609677419354839,66.19999999999999,1039
28,madrid,2024-02,8.013793103448275,32.3,1040
28,madrid,2024-03,9.638709677419355,111.4,1041
28,madrid,2024-04,12.81,20.3,1042
28,madrid,2024-05,16.309677419354838,18.3,1043
28,madrid,2024-06,20.673333333333336,37.2,1044
28,madrid,2024-07,26.661290322580644,0.8,1045
28,madrid,2024-08,27.203225806451613,33.2,1046
28,madrid,2024-09,19.046666666666667,24.1,1047
28,madrid,2024-10,14.974193548387097,126.2,1048
28,madrid,2024-11,10.493333333333334,23.7,1049
28,madrid,2024-12,5.235483870967743,8.8,1050
28,madrid,2025-01,5.606451612903226,66.6,1051
28,madrid,2025-02,7.303571428571429,14.4,1052
28,madrid,2025-03,7.574193548387097,229.9,1053
28,madrid,2025-04,12.616666666666667,97.9,1054
28,madrid,2025-05,16.480645161290322,93.5,1055
28,madrid,2025-06,25.876666666666665,25.8,1056
28,madrid,2025-07,26.470967741935485,2.8,1057
28,madrid,2025-08,27.68064516129032,2.3,1058
28,madrid,2025-09,21.040000000000003,6.6,1059
28,madrid,2025-10,16.961290322580645,29.8,1060
28,madrid,2025-11,8.376666666666667,69.1,1061
28,madrid,2025-12,6.212903225806452,50.699999999999996,1062
28,madrid,2026-01,4.54516129032258,114.4,1063
28,madrid,2026-02,5.7,2.3,1064
29,málaga,2023-01,9.580645161290322,7.1000000000000005,1065
29,málaga,2023-02,9.9,51.1,1066
29,málaga,2023-03,14.541935483870969,9.7,1067
29,málaga,2023-04,18.073333333333334,1.8,1068
29,málaga,2023-05,18.57741935483871,52.0,1069
29,málaga,2023-06,23.183333333333334,11.0,1070
29,málaga,2023-07,27.683870967741935,0.8,1071
29,málaga,2023-08,26.85483870967742,0.30000000000000004,1072
29,málaga,2023-09,21.15,44.0,1073
29,málaga,2023-10,18.509677419354837,43.0,1074
29,málaga,2023-11,14.379999999999999,1.3,1075
29,málaga,2023-12,10.46774193548387,11.0,1076
29,málaga,2024-01,11.238709677419354,33.5,1077
29,málaga,2024-02,12.110344827586207,56.300000000000004,1078
29,málaga,2024-03,12.996774193548386,179.10000000000002,1079
29,málaga,2024-04,15.26,12.4,1080
29,málaga,2024-05,18.4741935483871,2.2,1081
29,málaga,2024-06,21.923333333333336,15.0,1082
29,málaga,2024-07,26.287096774193547,0.5,1083
29,málaga,2024-08,26.641935483870967,3.0,1084
29,málaga,2024-09,21.98,15.600000000000001,1085
29,málaga,2024-10,17.996774193548386,138.5,1086
29,málaga,2024-11,14.603333333333333,68.2,1087
29,málaga,2024-12,10.548387096774194,6.3999999999999995,1088
29,málaga,2025-01,10.135483870967741,39.699999999999996,1089
29,málaga,2025-02,11.028571428571428,57.2,1090
29,málaga,2025-03,11.535483870967743,189.0,1091
29,málaga,2025-04,15.093333333333334,72.6,1092
29,málaga,2025-05,19.493548387096773,36.1,1093
29,málaga,2025-06,25.86,0.8,1094
29,málaga,2025-07,26.729032258064517,1.3,1095
29,málaga,2025-08,26.73225806451613,0.8,1096
29,málaga,2025-09,22.926666666666666,4.0,1097
29,málaga,2025-10,19.91290322580645,23.7,1098
29,málaga,2025-11,12.923333333333334,77.4,1099
29,málaga,2025-12,9.774193548387096,88.1,1100
29,málaga,2026-01,9.416129032258064,167.0,1101
29,málaga,2026-02,11.5,0.0,1102
30,murcia,2023-01,10.432258064516128,1.6,1103
30,murcia,2023-02,9.560714285714285,25.4,1104
30,murcia,2023-03,15.816129032258065,5.8,1105
30,murcia,2023-04,19.003333333333334,2.1,1106
30,murcia,2023-05,18.719354838709677,163.5,1107
30,murcia,2023-06,23.56,34.0,1108
30,murcia,2023-07,29.203225806451613,2.5,1109
30,murcia,2023-08,28.31935483870968,11.0,1110
30,murcia,2023-09,22.616666666666667,81.2,1111
30,murcia,2023-10,20.20967741935484,9.0,1112
30,murcia,2023-11,15.933333333333334,0.0,1113
30,murcia,2023-12,11.451612903225806,5.8,1114
30,murcia,2024-01,12.02258064516129,16.8,1115
30,murcia,2024-02,13.706896551724139,6.2,1116
30,murcia,2024-03,14.629032258064516,41.1,1117
30,murcia,2024-04,17.056666666666665,23.500000000000004,1118
30,murcia,2024-05,20.33225806451613,10.799999999999999,1119
30,murcia,2024-06,23.503333333333334,44.900000000000006,1120
30,murcia,2024-07,28.33225806451613,2.9000000000000004,1121
30,murcia,2024-08,28.05806451612903,16.8,1122
30,murcia,2024-09,23.346666666666668,25.299999999999997,1123
30,murcia,2024-10,20.07741935483871,161.5,1124
30,murcia,2024-11,15.34,25.9,1125
30,murcia,2024-12,10.86774193548387,5.5,1126
30,murcia,2025-01,10.506451612903225,8.5,1127
30,murcia,2025-02,11.792857142857143,17.6,1128
30,murcia,2025-03,12.616129032258065,179.0,1129
30,murcia,2025-04,16.456666666666667,26.6,1130
30,murcia,2025-05,20.02258064516129,49.0,1131
30,murcia,2025-06,27.17,1.6,1132
30,murcia,2025-07,28.112903225806452,13.3,1133
30,murcia,2025-08,28.164516129032258,2.9,1134
30,murcia,2025-09,24.05,58.6,1135
30,murcia,2025-10,19.9,48.6,1136
30,murcia,2025-11,13.776666666666667,8.4,1137
30,murcia,2025-12,10.438709677419356,107.3,1138
30,murcia,2026-01,10.245161290322581,51.5,1139
30,murcia,2026-02,10.7,0.0,1140
31,navarra,2023-01,4.148387096774194,77.8,1141
31,navarra,2023-02,4.553571428571429,27.499999999999996,1142
31,navarra,2023-03,10.429032258064517,13.9,1143
31,navarra,2023-04,12.643333333333334,45.4,1144
31,navarra,2023-05,14.858064516129033,28.599999999999998,1145
31,navarra,2023-06,19.57,83.0,1146
31,navarra,2023-07,20.816129032258065,17.3,1147
31,navarra,2023-08,22.06451612903226,10.9,1148
31,navarra,2023-09,19.62,80.7,1149
31,navarra,2023-10,16.822580645161292,87.3,1150
31,navarra,2023-11,10.203333333333335,79.0,1151
31,navarra,2023-12,6.206451612903226,53.5,1152
31,navarra,2024-01,5.964516129032258,24.6,1153
31,navarra,2024-02,8.003448275862068,121.8,1154
31,navarra,2024-03,9.393548387096773,79.9,1155
31,navarra,2024-04,10.97,35.1,1156
31,navarra,2024-05,13.361290322580645,78.7,1157
31,navarra,2024-06,18.066666666666666,50.2,1158
31,navarra,2024-07,21.76451612903226,11.399999999999999,1159
31,navarra,2024-08,21.325806451612905,81.1,1160
31,navarra,2024-09,15.34,115.5,1161
31,navarra,2024-10,14.10967741935484,163.9,1162
31,navarra,2024-11,10.203333333333335,19.8,1163
31,navarra,2024-12,5.699999999999999,99.60000000000001,1164
31,navarra,2025-01,5.487096774193549,67.4,1165
31,navarra,2025-02,7.235714285714286,30.2,1166
31,navarra,2025-03,7.838709677419355,89.2,1167
31,navarra,2025-04,11.463333333333333,138.8,1168
31,navarra,2025-05,13.73225806451613,111.2,1169
31,navarra,2025-06,20.793333333333333,49.3,1170
31,navarra,2025-07,20.325806451612905,24.2,1171
31,navarra,2025-08,22.51290322580645,28.3,1172
31,navarra,2025-09,17.39,20.6,1173
31,navarra,2025-10,14.245161290322581,31.2,1174
31,navarra,2025-11,9.146666666666667,67.7,1175
31,navarra,2025-12,6.351612903225806,57.199999999999996,1176
31,navarra,2026-01,4.645161290322581,93.5,1177
31,navarra,2026-02,5.4,0.0,1178
32,ourense,2023-01,5.52258064516129,257.1,1179
32,ourense,2023-02,5.985714285714286,27.8,1180
32,ourense,2023-03,9.903225806451612,112.1,1181
32,ourense,2023-04,13.139999999999999,48.3,1182
32,ourense,2023-05,14.680645161290323,87.60000000000001,1183
32,ourense,2023-06,18.17,137.5,1184
32,ourense,2023-07,19.34193548387097,22.9,1185
32,ourense,2023-08,21.003225806451614,11.0,1186
32,ourense,2023-09,17.546666666666667,89.3,1187
32,ourense,2023-10,16.09032258064516,323.0,1188
32,ourense,2023-11,10.74,205.60000000000002,1189
32,ourense,2023-12,6.590322580645162,144.5,1190
32,ourense,2024-01,8.016129032258064,141.8,1191
32,ourense,2024-02,9.06551724137931,158.7,1192
32,ourense,2024-03,8.503225806451614,247.4,1193
32,ourense,2024-04,11.879999999999999,97.6,1194
32,ourense,2024-05,12.5,121.0,1195
32,ourense,2024-06,16.8,45.2,1196
32,ourense,2024-07,20.23548387096774,37.4,1197
32,ourense,2024-08,21.280645161290323,4.4,1198
32,ourense,2024-09,15.870000000000001,106.39999999999999,1199
32,ourense,2024-10,14.329032258064515,211.5,1200
32,ourense,2024-11,11.953333333333335,69.2,1201
32,ourense,2024-12,6.625806451612903,61.099999999999994,1202
32,ourense,2025-01,7.445161290322581,285.5,1203
32,ourense,2025-02,8.385714285714284,109.0,1204
32,ourense,2025-03,7.993548387096775,110.4,1205
32,ourense,2025-04,12.016666666666667,158.5,1206
32,ourense,2025-05,13.629032258064516,103.4,1207
32,ourense,2025-06,19.683333333333334,20.4,1208
32,ourense,2025-07,20.13225806451613,15.2,1209
32,ourense,2025-08,22.429032258064513,9.0,1210
32,ourense,2025-09,16.116666666666667,41.5,1211
32,ourense,2025-10,14.874193548387098,94.30000000000001,1212
32,ourense,2025-11,8.97,226.3,1213
32,ourense,2025-12,6.245161290322581,142.8,1214
32,ourense,2026-01,5.767741935483872,265.3,1215
32,ourense,2026-02,9.3,11.5,1216
33,asturias,2023-01,5.690322580645161,283.2,1217
33,asturias,2023-02,5.1499999999999995,67.0,1218
33,asturias,2023-03,10.26774193548387,34.2,1219
33,asturias,2023-04,12.123333333333333,67.60000000000001,1220
33,asturias,2023-05,12.996774193548386,151.0,1221
33,asturias,2023-06,17.223333333333336,193.9,1222
33,asturias,2023-07,17.635483870967743,78.5,1223
33,asturias,2023-08,18.529032258064515,60.0,1224
33,asturias,2023-09,17.6,135.0,1225
33,asturias,2023-10,15.709677419354838,183.1,1226
33,asturias,2023-11,10.883333333333333,185.4,1227
33,asturias,2023-12,7.551612903225807,77.3,1228
33,asturias,2024-01,7.445161290322581,96.8,1229
33,asturias,2024-02,8.882758620689655,145.4,1230
33,asturias,2024-03,8.667741935483871,136.5,1231
33,asturias,2024-04,10.663333333333332,90.4,1232
33,asturias,2024-05,11.85483870967742,152.5,1233
33,asturias,2024-06,14.816666666666666,162.70000000000002,1234
33,asturias,2024-07,17.883870967741935,91.2,1235
33,asturias,2024-08,18.35483870967742,65.1,1236
33,asturias,2024-09,14.443333333333333,149.0,1237
33,asturias,2024-10,14.025806451612903,198.6,1238
33,asturias,2024-11,11.389999999999999,82.3,1239
33,asturias,2024-12,6.65483870967742,108.3,1240
33,asturias,2025-01,7.429032258064517,162.6,1241
33,asturias,2025-02,7.95,106.7,1242
33,asturias,2025-03,8.0,136.6,1243
33,asturias,2025-04,11.55,154.1,1244
33,asturias,2025-05,12.603225806451613,178.9,1245
33,asturias,2025-06,17.573333333333334,105.0,1246
33,asturias,2025-07,17.416129032258063,64.7,1247
33,asturias,2025-08,18.925806451612903,31.7,1248
33,asturias,2025-09,14.933333333333334,90.1,1249
33,asturias,2025-10,13.619354838709677,42.5,1250
33,asturias,2025-11,9.593333333333334,184.79999999999998,1251
33,asturias,2025-12,6.809677419354839,114.5,1252
33,asturias,2026-01,5.922580645161291,127.1,1253
33,asturias,2026-02,8.8,9.2,1254
34,palencia,2023-01,3.4064516129032256,40.9,1255
34,palencia,2023-02,3.15,28.3,1256
34,palencia,2023-03,9.009677419354839,15.9,1257
34,palencia,2023-04,12.923333333333334,13.0,1258
34,palencia,2023-05,13.887096774193548,46.6,1259
34,palencia,2023-06,18.529999999999998,98.6,1260
34,palencia,2023-07,21.493548387096773,3.1,1261
34,palencia,2023-08,22.38064516129032,1.7,1262
34,palencia,2023-09,17.85666666666667,52.4,1263
34,palencia,2023-10,14.929032258064517,75.1,1264
34,palencia,2023-11,8.913333333333332,69.1,1265
34,palencia,2023-12,3.693548387096774,36.8,1266
34,palencia,2024-01,4.854838709677419,47.5,1267
34,palencia,2024-02,6.320689655172414,46.4,1268
34,palencia,2024-03,7.34516129032258,89.60000000000001,1269
34,palencia,2024-04,9.953333333333335,46.2,1270
34,palencia,2024-05,12.274193548387096,49.6,1271
34,palencia,2024-06,16.976666666666667,68.6,1272
34,palencia,2024-07,21.94193548387097,3.6,1273
34,palencia,2024-08,22.312903225806455,25.999999999999996,1274
34,palencia,2024-09,14.916666666666666,28.4,1275
34,palencia,2024-10,12.787096774193548,136.2,1276
34,palencia,2024-11,9.053333333333335,22.6,1277
34,palencia,2024-12,3.829032258064516,34.3,1278
34,palencia,2025-01,4.929032258064517,60.6,1279
34,palencia,2025-02,5.489285714285714,33.3,1280
34,palencia,2025-03,6.254838709677419,72.4,1281
34,palencia,2025-04,10.546666666666665,111.8,1282
34,palencia,2025-05,12.858064516129033,91.3,1283
34,palencia,2025-06,20.616666666666667,42.1,1284
34,palencia,2025-07,20.796774193548387,7.4,1285
34,palencia,2025-08,22.88064516129032,2.5,1286
34,palencia,2025-09,16.573333333333334,12.4,1287
34,palencia,2025-10,13.36774193548387,29.1,1288
34,palencia,2025-11,7.3100000000000005,78.9,1289
34,palencia,2025-12,4.851612903225806,54.4,1290
34,palencia,2026-01,3.52258064516129,70.3,1291
34,palencia,2026-02,6.0,0.4,1292
35,las palmas,2023-01,18.9741935483871,6.0,1293
35,las palmas,2023-02,17.764285714285712,17.2,1294
35,las palmas,2023-03,18.9741935483871,0.0,1295
35,las palmas,2023-04,19.226666666666667,1.0999999999999999,1296
35,las palmas,2023-05,20.274193548387096,0.8,1297
35,las palmas,2023-06,22.466666666666665,0.4,1298
35,las palmas,2023-07,22.94516129032258,0.2,1299
35,las palmas,2023-08,23.548387096774192,7.3999999999999995,1300
35,las palmas,2023-09,23.779999999999998,1.7999999999999998,1301
35,las palmas,2023-10,24.335483870967742,6.6,1302
35,las palmas,2023-11,22.163333333333334,10.2,1303
35,las palmas,2023-12,20.561290322580643,9.1,1304
35,las palmas,2024-01,20.34193548387097,0.7999999999999999,1305
35,las palmas,2024-02,19.889655172413793,0.5,1306
35,las palmas,2024-03,18.69677419354839,15.4,1307
35,las palmas,2024-04,19.7,1.0,1308
35,las palmas,2024-05,19.654838709677417,1.2,1309
35,las palmas,2024-06,20.533333333333335,0.6,1310
35,las palmas,2024-07,21.27741935483871,0.3,1311
35,las palmas,2024-08,22.66774193548387,0.6,1312
35,las palmas,2024-09,22.41,0.0,1313
35,las palmas,2024-10,22.22258064516129,2.5,1314
35,las palmas,2024-11,22.133333333333333,3.4,1315
35,las palmas,2024-12,20.193548387096776,8.9,1316
35,las palmas,2025-01,19.019354838709678,7.8999999999999995,1317
35,las palmas,2025-02,18.353571428571428,1.8,1318
35,las palmas,2025-03,18.47741935483871,12.3,1319
35,las palmas,2025-04,18.95,24.7,1320
35,las palmas,2025-05,19.82903225806452,1.2000000000000002,1321
35,las palmas,2025-06,20.84,0.1,1322
35,las palmas,2025-07,21.983870967741936,0.2,1323
35,las palmas,2025-08,23.054838709677416,0.5,1324
35,las palmas,2025-09,23.033333333333335,0.30000000000000004,1325
35,las palmas,2025-10,22.493548387096773,0.2,1326
35,las palmas,2025-11,21.613333333333333,12.299999999999999,1327
35,las palmas,2025-12,19.338709677419356,46.8,1328
35,las palmas,2026-01,18.312903225806455,10.7,1329
35,las palmas,2026-02,17.9,0.0,1330
36,pontevedra,2023-01,8.151612903225805,339.8,1331
36,pontevedra,2023-02,8.564285714285715,20.9,1332
36,pontevedra,2023-03,11.119354838709677,321.9,1333
36,pontevedra,2023-04,14.033333333333333,97.7,1334
36,pontevedra,2023-05,15.993548387096775,111.60000000000001,1335
36,pontevedra,2023-06,19.163333333333334,127.5,1336
36,pontevedra,2023-07,19.10967741935484,56.300000000000004,1337
36,pontevedra,2023-08,20.625806451612902,39.8,1338
36,pontevedra,2023-09,18.703333333333333,143.6,1339
36,pontevedra,2023-10,17.061290322580643,629.1,1340
36,pontevedra,2023-11,12.32,492.5,1341
36,pontevedra,2023-12,9.325806451612904,280.1,1342
36,pontevedra,2024-01,9.964516129032257,283.8,1343
36,pontevedra,2024-02,11.113793103448277,313.2,1344
36,pontevedra,2024-03,10.30967741935484,379.90000000000003,1345
36,pontevedra,2024-04,13.476666666666667,196.8,1346
36,pontevedra,2024-05,13.83548387096774,287.8,1347
36,pontevedra,2024-06,17.89333333333333,86.7,1348
36,pontevedra,2024-07,20.396774193548385,51.3,1349
36,pontevedra,2024-08,21.551612903225806,13.2,1350
36,pontevedra,2024-09,17.223333333333336,184.0,1351
36,pontevedra,2024-10,15.735483870967743,479.0,1352
36,pontevedra,2024-11,14.1,135.0,1353
36,pontevedra,2024-12,8.97741935483871,154.3,1354
36,pontevedra,2025-01,9.53225806451613,482.1,1355
36,pontevedra,2025-02,10.028571428571428,166.2,1356
36,pontevedra,2025-03,10.103225806451613,135.8,1357
36,pontevedra,2025-04,13.373333333333333,268.9,1358
36,pontevedra,2025-05,15.187096774193549,137.6,1359
36,pontevedra,2025-06,19.80666666666667,72.8,1360
36,pontevedra,2025-07,20.883870967741935,26.099999999999998,1361
36,pontevedra,2025-08,21.961290322580645,48.3,1362
36,pontevedra,2025-09,16.66,98.7,1363
36,pontevedra,2025-10,16.177419354838708,183.4,1364
36,pontevedra,2025-11,10.953333333333335,341.1,1365
36,pontevedra,2025-12,8.46774193548387,293.2,1366
36,pontevedra,2026-01,7.84516129032258,551.9,1367
36,pontevedra,2026-02,11.1,14.6,1368
37,salamanca,2023-01,3.9419354838709677,78.4,1369
37,salamanca,2023-02,4.296428571428572,24.2,1370
37,salamanca,2023-03,9.203225806451613,45.800000000000004,1371
37,salamanca,2023-04,13.386666666666667,11.6,1372
37,salamanca,2023-05,14.564516129032258,77.3,1373
37,salamanca,2023-06,19.253333333333334,67.0,1374
37,salamanca,2023-07,22.53548387096774,1.2,1375
37,salamanca,2023-08,23.664516129032258,0.8,1376
37,salamanca,2023-09,18.16,46.8,1377
37,salamanca,2023-10,15.941935483870967,151.5,1378
37,salamanca,2023-11,9.456666666666667,90.7,1379
37,salamanca,2023-12,4.754838709677419,34.5,1380
37,salamanca,2024-01,6.82258064516129,91.1,1381
37,salamanca,2024-02,7.475862068965518,62.5,1382
37,salamanca,2024-03,8.129032258064516,138.3,1383
37,salamanca,2024-04,11.360000000000001,39.9,1384
37,salamanca,2024-05,13.083870967741936,38.0,1385
37,salamanca,2024-06,18.346666666666668,62.1,1386
37,salamanca,2024-07,23.27741935483871,9.7,1387
37,salamanca,2024-08,24.448387096774194,0.4,1388
37,salamanca,2024-09,16.85,14.9,1389
37,salamanca,2024-10,13.361290322580645,108.2,1390
37,salamanca,2024-11,10.729999999999999,37.4,1391
37,salamanca,2024-12,4.735483870967743,4.4,1392
37,salamanca,2025-01,5.609677419354839,106.10000000000001,1393
37,salamanca,2025-02,6.8,43.2,1394
37,salamanca,2025-03,6.554838709677419,137.1,1395
37,salamanca,2025-04,10.933333333333334,97.6,1396
37,salamanca,2025-05,13.964516129032257,65.3,1397
37,salamanca,2025-06,22.186666666666667,37.7,1398
37,salamanca,2025-07,22.91290322580645,1.3,1399
37,salamanca,2025-08,24.706451612903226,1.5,1400
37,salamanca,2025-09,17.633333333333333,12.9,1401
37,salamanca,2025-10,15.419354838709678,53.5,1402
37,salamanca,2025-11,7.706666666666666,119.0,1403
37,salamanca,2025-12,5.480645161290322,75.0,1404
37,salamanca,2026-01,4.219354838709678,127.3,1405
37,salamanca,2026-02,7.7,6.1,1406
38,santa cruz de tenerife,2023-01,19.529032258064515,6.1,1407
38,santa cruz de tenerife,2023-02,18.242857142857144,34.1,1408
38,santa cruz de tenerife,2023-03,19.432258064516127,0.1,1409
38,santa cruz de tenerife,2023-04,19.483333333333334,3.0999999999999996,1410
38,santa cruz de tenerife,2023-05,20.467741935483872,0.1,1411
38,santa cruz de tenerife,2023-06,22.616666666666667,13.2,1412
38,santa cruz de tenerife,2023-07,23.083870967741937,0.5,1413
38,santa cruz de tenerife,2023-08,23.761290322580646,1.3,1414
38,santa cruz de tenerife,2023-09,24.103333333333335,2.4,1415
38,santa cruz de tenerife,2023-10,24.68064516129032,3.3,1416
38,santa cruz de tenerife,2023-11,22.96333333333333,7.2,1417
38,santa cruz de tenerife,2023-12,21.154838709677417,18.299999999999997,1418
38,santa cruz de tenerife,2024-01,20.716129032258067,1.8,1419
38,santa cruz de tenerife,2024-02,20.193103448275863,0.6,1420
38,santa cruz de tenerife,2024-03,19.06451612903226,14.3,1421
38,santa cruz de tenerife,2024-04,20.083333333333332,1.2000000000000002,1422
38,santa cruz de tenerife,2024-05,20.238709677419354,0.5,1423
38,santa cruz de tenerife,2024-06,21.153333333333332,1.1,1424
38,santa cruz de tenerife,2024-07,21.796774193548387,0.1,1425
38,santa cruz de tenerife,2024-08,22.887096774193548,0.5,1426
38,santa cruz de tenerife,2024-09,22.87,0.2,1427
38,santa cruz de tenerife,2024-10,22.648387096774194,10.7,1428
38,santa cruz de tenerife,2024-11,22.23,23.2,1429
38,santa cruz de tenerife,2024-12,20.79032258064516,6.6,1430
38,santa cruz de tenerife,2025-01,19.348387096774193,13.6,1431
38,santa cruz de tenerife,2025-02,18.792857142857144,3.2,1432
38,santa cruz de tenerife,2025-03,18.603225806451615,13.1,1433
38,santa cruz de tenerife,2025-04,19.063333333333333,28.7,1434
38,santa cruz de tenerife,2025-05,19.990322580645163,13.0,1435
38,santa cruz de tenerife,2025-06,21.21,0.0,1436
38,santa cruz de tenerife,2025-07,22.248387096774195,0.6,1437
38,santa cruz de tenerife,2025-08,23.125806451612902,1.1,1438
38,santa cruz de tenerife,2025-09,23.48,0.1,1439
38,santa cruz de tenerife,2025-10,22.925806451612903,0.6,1440
38,santa cruz de tenerife,2025-11,22.209999999999997,25.4,1441
38,santa cruz de tenerife,2025-12,19.89032258064516,19.2,1442
38,santa cruz de tenerife,2026-01,18.84193548387097,24.1,1443
38,santa cruz de tenerife,2026-02,18.5,0.0,1444
39,cantabria,2023-01,8.425806451612903,286.6,1445
39,cantabria,2023-02,8.246428571428572,66.0,1446
39,cantabria,2023-03,12.735483870967743,67.6,1447
39,cantabria,2023-04,12.903333333333334,61.4,1448
39,cantabria,2023-05,15.258064516129032,128.9,1449
39,cantabria,2023-06,19.743333333333332,118.39999999999999,1450
39,cantabria,2023-07,19.948387096774194,73.1,1451
39,cantabria,2023-08,20.683870967741935,91.5,1452
39,cantabria,2023-09,20.490000000000002,116.9,1453
39,cantabria,2023-10,18.29032258064516,106.7,1454
39,cantabria,2023-11,13.3,216.5,1455
39,cantabria,2023-12,10.225806451612904,123.3,1456
39,cantabria,2024-01,10.312903225806451,94.9,1457
39,cantabria,2024-02,11.117241379310345,129.3,1458
39,cantabria,2024-03,11.46774193548387,130.8,1459
39,cantabria,2024-04,13.056666666666667,68.9,1460
39,cantabria,2024-05,14.103225806451613,144.7,1461
39,cantabria,2024-06,17.223333333333336,58.0,1462
39,cantabria,2024-07,19.951612903225808,62.9,1463
39,cantabria,2024-08,20.683870967741935,71.8,1464
39,cantabria,2024-09,16.51,148.3,1465
39,cantabria,2024-10,16.496774193548386,184.6,1466
39,cantabria,2024-11,14.33,117.6,1467
39,cantabria,2024-12,9.803225806451612,144.7,1468
39,cantabria,2025-01,9.832258064516129,127.0,1469
39,cantabria,2025-02,10.87857142857143,90.30000000000001,1470
39,cantabria,2025-03,10.587096774193547,130.79999999999998,1471
39,cantabria,2025-04,13.996666666666666,103.2,1472
39,cantabria,2025-05,14.74516129032258,131.0,1473
39,cantabria,2025-06,19.986666666666668,68.1,1474
39,cantabria,2025-07,19.641935483870967,62.800000000000004,1475
39,cantabria,2025-08,21.029032258064515,54.0,1476
39,cantabria,2025-09,17.503333333333334,63.7,1477
39,cantabria,2025-10,15.845161290322581,54.9,1478
39,cantabria,2025-11,12.703333333333335,165.8,1479
39,cantabria,2025-12,10.035483870967743,115.1,1480
39,cantabria,2026-01,8.577419354838709,155.5,1481
39,cantabria,2026-02,10.7,0.9,1482
40,segovia,2023-01,3.3903225806451616,64.0,1483
40,segovia,2023-02,3.5964285714285715,24.2,1484
40,segovia,2023-03,9.183870967741935,33.4,1485
40,segovia,2023-04,13.129999999999999,17.8,1486
40,segovia,2023-05,14.02258064516129,43.2,1487
40,segovia,2023-06,19.290000000000003,52.6,1488
40,segovia,2023-07,23.4741935483871,3.0999999999999996,1489
40,segovia,2023-08,24.09032258064516,0.5,1490
40,segovia,2023-09,18.63,49.2,1491
40,segovia,2023-10,15.561290322580646,111.4,1492
40,segovia,2023-11,9.306666666666667,84.1,1493
40,segovia,2023-12,3.9967741935483874,48.9,1494
40,segovia,2024-01,5.790322580645161,123.7,1495
40,segovia,2024-02,6.889655172413794,71.4,1496
40,segovia,2024-03,8.061290322580644,113.0,1497
40,segovia,2024-04,10.843333333333334,34.4,1498
40,segovia,2024-05,13.258064516129032,59.6,1499
40,segovia,2024-06,18.486666666666668,81.89999999999999,1500
40,segovia,2024-07,23.91290322580645,3.9,1501
40,segovia,2024-08,24.506451612903227,7.199999999999999,1502
40,segovia,2024-09,16.486666666666668,16.9,1503
40,segovia,2024-10,13.432258064516128,112.8,1504
40,segovia,2024-11,10.053333333333335,27.0,1505
40,segovia,2024-12,4.216129032258064,13.1,1506
40,segovia,2025-01,5.04516129032258,60.199999999999996,1507
40,segovia,2025-02,6.228571428571429,42.8,1508
40,segovia,2025-03,6.16774193548387,152.9,1509
40,segovia,2025-04,11.1,68.8,1510
40,segovia,2025-05,14.270967741935483,74.2,1511
40,segovia,2025-06,23.09,24.1,1512
40,segovia,2025-07,23.509677419354837,3.5999999999999996,1513
40,segovia,2025-08,25.12258064516129,1.1,1514
40,segovia,2025-09,18.16,5.2,1515
40,segovia,2025-10,14.951612903225806,53.0,1516
40,segovia,2025-11,7.456666666666666,90.3,1517
40,segovia,2025-12,4.883870967741935,48.8,1518
40,segovia,2026-01,3.4419354838709677,115.1,1519
40,segovia,2026-02,5.9,2.3,1520
41,sevilla,2023-01,10.119354838709677,15.0,1521
41,sevilla,2023-02,11.739285714285714,14.2,1522
41,sevilla,2023-03,16.029032258064515,18.7,1523
41,sevilla,2023-04,21.279999999999998,2.1,1524
41,sevilla,2023-05,21.783870967741933,41.6,1525
41,sevilla,2023-06,26.263333333333332,54.8,1526
41,sevilla,2023-07,29.73548387096774,0.0,1527
41,sevilla,2023-08,30.729032258064517,0.0,1528
41,sevilla,2023-09,23.836666666666666,48.199999999999996,1529
41,sevilla,2023-10,21.67096774193548,90.5,1530
41,sevilla,2023-11,15.03,15.899999999999999,1531
41,sevilla,2023-12,10.380645161290323,49.699999999999996,1532
41,sevilla,2024-01,12.077419354838709,68.2,1533
41,sevilla,2024-02,13.36896551724138,96.0,1534
41,sevilla,2024-03,14.438709677419356,182.4,1535
41,sevilla,2024-04,17.513333333333332,21.6,1536
41,sevilla,2024-05,20.861290322580647,5.7,1537
41,sevilla,2024-06,23.926666666666666,10.6,1538
41,sevilla,2024-07,28.58709677419355,0.7,1539
41,sevilla,2024-08,29.44516129032258,1.5,1540
41,sevilla,2024-09,23.946666666666665,5.7,1541
41,sevilla,2024-10,19.22258064516129,269.59999999999997,1542
41,sevilla,2024-11,15.953333333333335,91.8,1543
41,sevilla,2024-12,10.696774193548388,16.1,1544
41,sevilla,2025-01,10.838709677419354,185.4,1545
41,sevilla,2025-02,11.632142857142856,46.3,1546
41,sevilla,2025-03,12.925806451612903,294.2,1547
41,sevilla,2025-04,16.846666666666668,85.1,1548
41,sevilla,2025-05,21.425806451612903,15.9,1549
41,sevilla,2025-06,28.136666666666667,4.2,1550
41,sevilla,2025-07,29.129032258064516,0.0,1551
41,sevilla,2025-08,29.948387096774194,0.6,1552
41,sevilla,2025-09,25.793333333333333,4.8999999999999995,1553
41,sevilla,2025-10,22.361290322580647,52.2,1554
41,sevilla,2025-11,13.613333333333333,115.60000000000001,1555
41,sevilla,2025-12,10.577419354838709,102.2,1556
41,sevilla,2026-01,10.361290322580645,157.5,1557
41,sevilla,2026-02,13.2,0.9,1558
42,soria,2023-01,2.109677419354839,42.2,1559
42,soria,2023-02,1.9392857142857143,20.2,1560
42,soria,2023-03,8.25483870967742,12.200000000000001,1561
42,soria,2023-04,11.816666666666666,12.9,1562
42,soria,2023-05,12.712903225806452,36.0,1563
42,soria,2023-06,17.506666666666668,101.5,1564
42,soria,2023-07,21.925806451612903,13.799999999999999,1565
42,soria,2023-08,23.006451612903227,4.5,1566
42,soria,2023-09,16.720000000000002,123.0,1567
42,soria,2023-10,13.899999999999999,91.5,1568
42,soria,2023-11,8.206666666666667,49.6,1569
42,soria,2023-12,3.7161290322580647,34.1,1570
42,soria,2024-01,4.419354838709677,72.6,1571
42,soria,2024-02,5.7379310344827585,61.900000000000006,1572
42,soria,2024-03,6.741935483870968,80.3,1573
42,soria,2024-04,9.433333333333334,26.099999999999998,1574
42,soria,2024-05,12.3,66.3,1575
42,soria,2024-06,17.35666666666667,85.5,1576
42,soria,2024-07,22.783870967741933,25.0,1577
42,soria,2024-08,22.561290322580643,36.9,1578
42,soria,2024-09,13.956666666666667,47.7,1579
42,soria,2024-10,12.04516129032258,86.8,1580
42,soria,2024-11,8.523333333333333,16.6,1581
42,soria,2024-12,3.7419354838709675,11.5,1582
42,soria,2025-01,3.9709677419354836,35.7,1583
42,soria,2025-02,4.807142857142857,24.1,1584
42,soria,2025-03,4.909677419354838,120.4,1585
42,soria,2025-04,9.806666666666667,88.8,1586
42,soria,2025-05,12.567741935483872,61.3,1587
42,soria,2025-06,21.026666666666664,34.8,1588
42,soria,2025-07,20.509677419354837,11.4,1589
42,soria,2025-08,22.570967741935487,10.7,1590
42,soria,2025-09,16.37,13.600000000000001,1591
42,soria,2025-10,12.683870967741935,32.2,1592
42,soria,2025-11,6.3133333333333335,67.30000000000001,1593
42,soria,2025-12,3.893548387096774,44.8,1594
42,soria,2026-01,2.2451612903225806,70.3,1595
42,soria,2026-02,4.4,0.0,1596
43,tarragona,2023-01,5.870967741935484,14.100000000000001,1597
43,tarragona,2023-02,7.046428571428572,67.4,1598
43,tarragona,2023-03,11.922580645161291,11.1,1599
43,tarragona,2023-04,14.26,4.0,1600
43,tarragona,2023-05,16.470967741935485,107.8,1601
43,tarragona,2023-06,21.55,53.1,1602
43,tarragona,2023-07,23.816129032258065,44.7,1603
43,tarragona,2023-08,24.46451612903226,18.9,1604
43,tarragona,2023-09,20.583333333333332,42.9,1605
43,tarragona,2023-10,17.93548387096774,33.6,1606
43,tarragona,2023-11,12.293333333333333,15.100000000000001,1607
43,tarragona,2023-12,8.387096774193548,12.4,1608
43,tarragona,2024-01,8.23225806451613,46.7,1609
43,tarragona,2024-02,9.634482758620688,23.3,1610
43,tarragona,2024-03,11.070967741935483,69.39999999999999,1611
43,tarragona,2024-04,13.49,25.4,1612
43,tarragona,2024-05,16.193548387096776,23.9,1613
43,tarragona,2024-06,19.913333333333334,48.6,1614
43,tarragona,2024-07,23.606451612903225,28.2,1615
43,tarragona,2024-08,24.161290322580644,24.0,1616
43,tarragona,2024-09,18.526666666666664,57.6,1617
43,tarragona,2024-10,15.983870967741936,144.0,1618
43,tarragona,2024-11,11.883333333333333,142.5,1619
43,tarragona,2024-12,7.335483870967742,35.2,1620
43,tarragona,2025-01,7.329032258064516,12.0,1621
43,tarragona,2025-02,8.167857142857143,28.700000000000003,1622
43,tarragona,2025-03,9.051612903225807,144.1,1623
43,tarragona,2025-04,12.713333333333333,43.5,1624
43,tarragona,2025-05,16.287096774193547,50.2,1625
43,tarragona,2025-06,22.796666666666667,1.8,1626
43,tarragona,2025-07,22.809677419354838,56.0,1627
43,tarragona,2025-08,24.370967741935484,4.4,1628
43,tarragona,2025-09,19.256666666666668,45.300000000000004,1629
43,tarragona,2025-10,15.974193548387097,68.1,1630
43,tarragona,2025-11,10.266666666666667,39.5,1631
43,tarragona,2025-12,8.093548387096774,76.2,1632
43,tarragona,2026-01,6.393548387096774,97.89999999999999,1633
43,tarragona,2026-02,7.4,0.0,1634
44,teruel,2023-01,0.48709677419354835,20.1,1635
44,teruel,2023-02,0.8071428571428572,7.5,1636
44,teruel,2023-03,7.396774193548388,5.7,1637
44,teruel,2023-04,10.66,13.1,1638
44,teruel,2023-05,10.64516129032258,61.0,1639
44,teruel,2023-06,15.996666666666666,95.5,1640
44,teruel,2023-07,21.358064516129033,26.900000000000002,1641
44,teruel,2023-08,21.22258064516129,6.699999999999999,1642
44,teruel,2023-09,15.933333333333334,46.6,1643
44,teruel,2023-10,12.980645161290322,32.6,1644
44,teruel,2023-11,6.52,19.7,1645
44,teruel,2023-12,3.02258064516129,24.0,1646
44,teruel,2024-01,3.761290322580645,43.9,1647
44,teruel,2024-02,4.541379310344827,25.3,1648
44,teruel,2024-03,5.796774193548386,44.8,1649
44,teruel,2024-04,8.48,9.3,1650
44,teruel,2024-05,12.04516129032258,26.6,1651
44,teruel,2024-06,16.14,67.8,1652
44,teruel,2024-07,21.506451612903227,26.8,1653
44,teruel,2024-08,20.70967741935484,34.9,1654
44,teruel,2024-09,12.946666666666665,68.0,1655
44,teruel,2024-10,10.574193548387097,71.8,1656
44,teruel,2024-11,6.506666666666666,29.5,1657
44,teruel,2024-12,1.8161290322580645,10.7,1658
44,teruel,2025-01,2.0999999999999996,23.3,1659
44,teruel,2025-02,3.5892857142857144,15.2,1660
44,teruel,2025-03,3.274193548387097,69.3,1661
44,teruel,2025-04,8.360000000000001,32.9,1662
44,teruel,2025-05,12.009677419354839,38.5,1663
44,teruel,2025-06,21.026666666666664,30.0,1664
44,teruel,2025-07,19.703225806451613,32.199999999999996,1665
44,teruel,2025-08,21.032258064516128,16.8,1666
44,teruel,2025-09,15.696666666666665,17.4,1667
44,teruel,2025-10,10.87741935483871,34.7,1668
44,teruel,2025-11,4.596666666666667,29.6,1669
44,teruel,2025-12,2.109677419354839,23.9,1670
44,teruel,2026-01,1.0032258064516129,48.3,1671
44,teruel,2026-02,2.3,0.0,1672
45,toledo,2023-01,6.22258064516129,26.200000000000003,1673
45,toledo,2023-02,6.5321428571428575,5.7,1674
45,toledo,2023-03,12.361290322580645,11.1,1675
45,toledo,2023-04,17.533333333333335,11.099999999999998,1676
45,toledo,2023-05,18.358064516129033,125.9,1677
45,toledo,2023-06,23.373333333333335,30.799999999999997,1678
45,toledo,2023-07,27.85483870967742,0.0,1679
45,toledo,2023-08,28.18064516129032,0.30000000000000004,1680
45,toledo,2023-09,20.623333333333335,153.9,1681
45,toledo,2023-10,17.796774193548387,113.4,1682
45,toledo,2023-11,11.4,39.5,1683
45,toledo,2023-12,6.448387096774193,28.7,1684
45,toledo,2024-01,7.851612903225806,84.4,1685
45,toledo,2024-02,9.375862068965516,54.1,1686
45,toledo,2024-03,10.838709677419354,128.7,1687
45,toledo,2024-04,14.386666666666667,20.7,1688
45,toledo,2024-05,17.929032258064513,5.2,1689
45,toledo,2024-06,22.67,41.2,1690
45,toledo,2024-07,28.529032258064515,1.0,1691
45,toledo,2024-08,28.925806451612903,18.6,1692
45,toledo,2024-09,20.866666666666667,8.1,1693
45,toledo,2024-10,16.141935483870967,97.2,1694
45,toledo,2024-11,12.153333333333334,31.2,1695
45,toledo,2024-12,6.232258064516128,5.0,1696
45,toledo,2025-01,7.235483870967743,56.8,1697
45,toledo,2025-02,8.35357142857143,19.5,1698
45,toledo,2025-03,9.40967741935484,181.0,1699
45,toledo,2025-04,13.56,85.2,1700
45,toledo,2025-05,17.809677419354838,59.099999999999994,1701
45,toledo,2025-06,26.75,10.0,1702
45,toledo,2025-07,27.677419354838708,0.0,1703
45,toledo,2025-08,28.706451612903226,0.6,1704
45,toledo,2025-09,22.040000000000003,18.5,1705
45,toledo,2025-10,18.093548387096774,38.1,1706
45,toledo,2025-11,10.056666666666667,77.60000000000001,1707
45,toledo,2025-12,7.467741935483871,60.6,1708
45,toledo,2026-01,6.451612903225806,101.2,1709
45,toledo,2026-02,8.9,4.1,1710
46,valencia/valència,2023-01,8.85483870967742,12.8,1711
46,valencia/valència,2023-02,7.832142857142857,38.0,1712
46,valencia/valència,2023-03,14.483870967741936,1.3,1713
46,valencia/valència,2023-04,16.586666666666666,1.5,1714
46,valencia/valència,2023-05,17.567741935483873,93.6,1715
46,valencia/valència,2023-06,22.720000000000002,35.6,1716
46,valencia/valència,2023-07,25.98709677419355,12.1,1717
46,valencia/valència,2023-08,25.887096774193548,32.099999999999994,1718
46,valencia/valència,2023-09,21.459999999999997,129.8,1719
46,valencia/valència,2023-10,19.53548387096774,18.9,1720
46,valencia/valència,2023-11,15.55,5.0,1721
46,valencia/valència,2023-12,11.003225806451614,12.799999999999999,1722
46,valencia/valència,2024-01,11.40967741935484,27.999999999999996,1723
46,valencia/valència,2024-02,12.39655172413793,20.8,1724
46,valencia/valència,2024-03,13.37741935483871,28.5,1725
46,valencia/valència,2024-04,15.273333333333333,5.7,1726
46,valencia/valència,2024-05,18.822580645161292,9.2,1727
46,valencia/valència,2024-06,22.240000000000002,28.5,1728
46,valencia/valència,2024-07,25.251612903225805,17.900000000000002,1729
46,valencia/valència,2024-08,26.093548387096774,4.7,1730
46,valencia/valència,2024-09,21.15666666666667,88.3,1731
46,valencia/valència,2024-10,18.69677419354839,186.7,1732
46,valencia/valència,2024-11,14.076666666666666,112.3,1733
46,valencia/valència,2024-12,9.503225806451614,15.200000000000001,1734
46,valencia/valència,2025-01,10.016129032258064,17.1,1735
46,valencia/valència,2025-02,10.446428571428571,21.5,1736
46,valencia/valència,2025-03,11.183870967741935,199.8,1737
46,valencia/valència,2025-04,14.723333333333333,25.2,1738
46,valencia/valència,2025-05,18.73548387096774,19.3,1739
46,valencia/valència,2025-06,24.683333333333334,12.700000000000001,1740
46,valencia/valència,2025-07,25.993548387096773,79.3,1741
46,valencia/valència,2025-08,26.67096774193548,11.7,1742
46,valencia/valència,2025-09,22.793333333333333,102.0,1743
46,valencia/valència,2025-10,17.761290322580646,153.0,1744
46,valencia/valència,2025-11,12.363333333333333,16.7,1745
46,valencia/valència,2025-12,9.890322580645162,104.1,1746
46,valencia/valència,2026-01,9.01290322580645,57.599999999999994,1747
46,valencia/valència,2026-02,11.2,2.1,1748
47,valladolid,2023-01,3.6129032258064515,32.2,1749
47,valladolid,2023-02,3.8392857142857144,16.0,1750
47,valladolid,2023-03,9.706451612903225,21.5,1751
47,valladolid,2023-04,14.19,13.7,1752
47,valladolid,2023-05,15.2,50.4,1753
47,valladolid,2023-06,19.516666666666666,89.0,1754
47,valladolid,2023-07,23.596774193548388,0.1,1755
47,valladolid,2023-08,24.161290322580644,1.8,1756
47,valladolid,2023-09,18.696666666666665,58.4,1757
47,valladolid,2023-10,15.829032258064515,97.0,1758
47,valladolid,2023-11,9.493333333333334,78.1,1759
47,valladolid,2023-12,4.16774193548387,26.1,1760
47,valladolid,2024-01,5.512903225806451,77.1,1761
47,valladolid,2024-02,7.075862068965517,37.4,1762
47,valladolid,2024-03,8.0,93.3,1763
47,valladolid,2024-04,10.983333333333333,28.7,1764
47,valladolid,2024-05,13.693548387096774,64.1,1765
47,valladolid,2024-06,18.986666666666668,38.7,1766
47,valladolid,2024-07,24.258064516129032,4.0,1767
47,valladolid,2024-08,24.458064516129035,19.0,1768
47,valladolid,2024-09,16.416666666666668,10.0,1769
47,valladolid,2024-10,13.600000000000001,121.8,1770
47,valladolid,2024-11,9.913333333333332,26.4,1771
47,valladolid,2024-12,4.135483870967741,6.1,1772
47,valladolid,2025-01,5.309677419354839,68.5,1773
47,valladolid,2025-02,6.175,31.1,1774
47,valladolid,2025-03,6.635483870967741,104.2,1775
47,valladolid,2025-04,11.273333333333333,63.9,1776
47,valladolid,2025-05,14.383870967741935,68.5,1777
47,valladolid,2025-06,22.69,41.0,1778
47,valladolid,2025-07,23.106451612903225,3.3000000000000003,1779
47,valladolid,2025-08,25.029032258064515,2.2,1780
47,valladolid,2025-09,17.936666666666667,15.0,1781
47,valladolid,2025-10,14.635483870967741,43.8,1782
47,valladolid,2025-11,7.676666666666666,62.0,1783
47,valladolid,2025-12,5.306451612903226,48.5,1784
47,valladolid,2026-01,4.02258064516129,82.7,1785
47,valladolid,2026-02,6.4,2.8,1786
48,bizkaia,2023-01,6.996774193548387,249.6,1787
48,bizkaia,2023-02,6.832142857142857,66.1,1788
48,bizkaia,2023-03,11.98709677419355,74.3,1789
48,bizkaia,2023-04,12.360000000000001,103.3,1790
48,bizkaia,2023-05,14.59032258064516,117.4,1791
48,bizkaia,2023-06,19.523333333333333,85.8,1792
48,bizkaia,2023-07,19.787096774193547,30.1,1793
48,bizkaia,2023-08,20.148387096774194,73.89999999999999,1794
48,bizkaia,2023-09,19.926666666666666,84.39999999999999,1795
48,bizkaia,2023-10,17.648387096774194,114.9,1796
48,bizkaia,2023-11,12.2,240.0,1797
48,bizkaia,2023-12,9.129032258064516,158.7,1798
48,bizkaia,2024-01,8.816129032258065,85.4,1799
48,bizkaia,2024-02,10.113793103448277,170.4,1800
48,bizkaia,2024-03,10.83548387096774,116.4,1801
48,bizkaia,2024-04,12.313333333333333,90.60000000000001,1802
48,bizkaia,2024-05,13.625806451612902,136.7,1803
48,bizkaia,2024-06,16.936666666666667,73.1,1804
48,bizkaia,2024-07,19.63225806451613,33.2,1805
48,bizkaia,2024-08,20.374193548387098,53.5,1806
48,bizkaia,2024-09,15.866666666666667,147.3,1807
48,bizkaia,2024-10,15.774193548387096,200.70000000000002,1808
48,bizkaia,2024-11,12.543333333333333,93.6,1809
48,bizkaia,2024-12,8.399999999999999,145.4,1810
48,bizkaia,2025-01,8.53225806451613,135.2,1811
48,bizkaia,2025-02,9.610714285714286,68.2,1812
48,bizkaia,2025-03,9.916129032258064,144.9,1813
48,bizkaia,2025-04,13.276666666666667,102.5,1814
48,bizkaia,2025-05,14.493548387096775,104.4,1815
48,bizkaia,2025-06,20.223333333333336,36.1,1816
48,bizkaia,2025-07,19.570967741935487,54.0,1817
48,bizkaia,2025-08,20.851612903225806,53.0,1818
48,bizkaia,2025-09,17.16,57.6,1819
48,bizkaia,2025-10,15.061290322580644,57.4,1820
48,bizkaia,2025-11,11.463333333333333,180.9,1821
48,bizkaia,2025-12,8.896774193548387,79.9,1822
48,bizkaia,2026-01,7.364516129032259,162.5,1823
48,bizkaia,2026-02,9.1,0.1,1824
49,zamora,2023-01,4.090322580645161,40.1,1825
49,zamora,2023-02,4.164285714285714,21.0,1826
49,zamora,2023-03,9.516129032258064,20.6,1827
49,zamora,2023-04,14.193333333333333,8.0,1828
49,zamora,2023-05,15.600000000000001,38.7,1829
49,zamora,2023-06,19.91,69.3,1830
49,zamora,2023-07,23.02258064516129,0.0,1831
49,zamora,2023-08,23.90967741935484,0.0,1832
49,zamora,2023-09,17.90666666666667,82.60000000000001,1833
49,zamora,2023-10,15.341935483870968,96.0,1834
49,zamora,2023-11,9.763333333333332,56.8,1835
49,zamora,2023-12,4.16774193548387,36.4,1836
49,zamora,2024-01,5.541935483870968,61.9,1837
49,zamora,2024-02,7.344827586206897,48.400000000000006,1838
49,zamora,2024-03,8.35483870967742,88.80000000000001,1839
49,zamora,2024-04,11.776666666666667,50.8,1840
49,zamora,2024-05,13.712903225806452,38.6,1841
49,zamora,2024-06,19.043333333333333,47.5,1842
49,zamora,2024-07,23.861290322580647,9.5,1843
49,zamora,2024-08,24.26451612903226,4.7,1844
49,zamora,2024-09,16.62,26.5,1845
49,zamora,2024-10,13.716129032258063,132.0,1846
49,zamora,2024-11,10.270000000000001,35.7,1847
49,zamora,2024-12,4.380645161290323,7.5,1848
49,zamora,2025-01,5.496774193548387,90.8,1849
49,zamora,2025-02,6.464285714285714,23.0,1850
49,zamora,2025-03,7.170967741935484,79.2,1851
49,zamora,2025-04,11.963333333333333,66.9,1852
49,zamora,2025-05,15.138709677419355,44.8,1853
49,zamora,2025-06,22.9,21.299999999999997,1854
49,zamora,2025-07,23.351612903225806,1.5,1855
49,zamora,2025-08,24.806451612903224,0.8,1856
49,zamora,2025-09,17.80666666666667,7.0,1857
49,zamora,2025-10,14.845161290322581,33.2,1858
49,zamora,2025-11,8.013333333333334,102.2,1859
49,zamora,2025-12,5.209677419354839,68.6,1860
49,zamora,2026-01,4.206451612903226,97.5,1861
49,zamora,2026-02,7.4,3.5,1862
50,zaragoza,2023-01,6.141935483870968,22.5,1863
50,zaragoza,2023-02,5.721428571428571,20.400000000000002,1864
50,zaragoza,2023-03,13.738709677419354,14.5,1865
50,zaragoza,2023-04,16.306666666666665,23.7,1866
50,zaragoza,2023-05,17.79032258064516,19.3,1867
50,zaragoza,2023-06,22.336666666666666,68.6,1868
50,zaragoza,2023-07,25.961290322580645,7.6,1869
50,zaragoza,2023-08,26.467741935483872,3.1,1870
50,zaragoza,2023-09,21.58,71.10000000000001,1871
50,zaragoza,2023-10,19.190322580645162,68.7,1872
50,zaragoza,2023-11,12.513333333333332,33.2,1873
50,zaragoza,2023-12,7.461290322580646,23.4,1874
50,zaragoza,2024-01,7.493548387096775,58.3,1875
50,zaragoza,2024-02,9.93448275862069,45.1,1876
50,zaragoza,2024-03,11.661290322580646,63.5,1877
50,zaragoza,2024-04,14.273333333333333,9.2,1878
50,zaragoza,2024-05,17.38064516129032,32.2,1879
50,zaragoza,2024-06,22.113333333333333,31.1,1880
50,zaragoza,2024-07,26.6,5.8,1881
50,zaragoza,2024-08,25.806451612903224,11.9,1882
50,zaragoza,2024-09,17.813333333333333,57.9,1883
50,zaragoza,2024-10,15.683870967741935,100.8,1884
50,zaragoza,2024-11,11.426666666666668,15.7,1885
50,zaragoza,2024-12,6.670967741935484,18.4,1886
50,zaragoza,2025-01,7.551612903225807,23.4,1887
50,zaragoza,2025-02,8.139285714285714,36.9,1888
50,zaragoza,2025-03,9.429032258064517,77.6,1889
50,zaragoza,2025-04,14.016666666666667,48.7,1890
50,zaragoza,2025-05,17.451612903225808,36.9,1891
50,zaragoza,2025-06,26.216666666666665,37.9,1892
50,zaragoza,2025-07,24.73225806451613,24.1,1893
50,zaragoza,2025-08,26.3,4.7,1894
50,zaragoza,2025-09,20.653333333333332,5.5,1895
50,zaragoza,2025-10,16.3,24.5,1896
50,zaragoza,2025-11,10.7,39.699999999999996,1897
50,zaragoza,2025-12,7.770967741935484,35.2,1898
50,zaragoza,2026-01,6.541935483870968,53.1,1899
50,zaragoza,2026-02,9.7,0.0,1900
51,ceuta,2023-01,13.841935483870968,59.1,1901
51,ceuta,2023-02,13.678571428571429,69.3,1902
51,ceuta,2023-03,15.770967741935484,36.199999999999996,1903
51,ceuta,2023-04,17.836666666666666,1.5,1904
51,ceuta,2023-05,19.05483870967742,65.89999999999999,1905
51,ceuta,2023-06,21.55,56.0,1906
51,ceuta,2023-07,24.73548387096774,0.7,1907
51,ceuta,2023-08,24.87741935483871,0.30000000000000004,1908
51,ceuta,2023-09,22.196666666666665,46.4,1909
51,ceuta,2023-10,20.86774193548387,83.6,1910
51,ceuta,2023-11,17.64,15.000000000000002,1911
51,ceuta,2023-12,15.112903225806452,44.1,1912
51,ceuta,2024-01,15.174193548387096,74.0,1913
51,ceuta,2024-02,15.441379310344828,82.5,1914
51,ceuta,2024-03,15.167741935483871,240.9,1915
51,ceuta,2024-04,17.033333333333335,23.0,1916
51,ceuta,2024-05,18.258064516129032,13.8,1917
51,ceuta,2024-06,20.776666666666664,26.2,1918
51,ceuta,2024-07,23.5258064516129,0.6,1919
51,ceuta,2024-08,24.574193548387097,7.8,1920
51,ceuta,2024-09,21.64333333333333,79.30000000000001,1921
51,ceuta,2024-10,19.467741935483872,103.69999999999999,1922
51,ceuta,2024-11,17.743333333333332,27.5,1923
51,ceuta,2024-12,14.970967741935485,14.5,1924
51,ceuta,2025-01,14.429032258064517,72.3,1925
51,ceuta,2025-02,14.332142857142857,80.7,1926
51,ceuta,2025-03,14.738709677419354,210.7,1927
51,ceuta,2025-04,16.613333333333333,89.5,1928
51,ceuta,2025-05,18.706451612903226,65.4,1929
51,ceuta,2025-06,22.45,11.2,1930
51,ceuta,2025-07,23.88064516129032,4.3,1931
51,ceuta,2025-08,24.335483870967742,5.3,1932
51,ceuta,2025-09,22.253333333333334,10.299999999999999,1933
51,ceuta,2025-10,20.780645161290323,24.8,1934
51,ceuta,2025-11,16.676666666666666,117.1,1935
51,ceuta,2025-12,13.680645161290323,159.29999999999998,1936
51,ceuta,2026-01,13.290322580645162,253.0,1937
51,ceuta,2026-02,15.5,0.2,1938
52,melilla,2023-01,13.8,44.0,1939
52,melilla,2023-02,13.825000000000001,43.6,1940
52,melilla,2023-03,16.403225806451612,7.8,1941
52,melilla,2023-04,18.96333333333333,6.0,1942
52,melilla,2023-05,20.116129032258065,36.8,1943
52,melilla,2023-06,23.253333333333334,19.4,1944
52,melilla,2023-07,27.135483870967743,0.0,1945
52,melilla,2023-08,27.070967741935487,0.5,1946
52,melilla,2023-09,23.259999999999998,62.2,1947
52,melilla,2023-10,21.687096774193545,28.0,1948
52,melilla,2023-11,17.946666666666665,6.6000000000000005,1949
52,melilla,2023-12,15.374193548387098,14.8,1950
52,melilla,2024-01,15.370967741935484,10.1,1951
52,melilla,2024-02,15.9,29.1,1952
52,melilla,2024-03,16.39032258064516,45.300000000000004,1953
52,melilla,2024-04,17.616666666666667,33.2,1954
52,melilla,2024-05,19.274193548387096,1.3,1955
52,melilla,2024-06,21.84,11.5,1956
52,melilla,2024-07,25.46451612903226,0.6,1957
52,melilla,2024-08,26.6,9.3,1958
52,melilla,2024-09,23.956666666666667,23.2,1959
52,melilla,2024-10,20.809677419354838,38.5,1960
52,melilla,2024-11,18.126666666666665,11.6,1961
52,melilla,2024-12,15.135483870967741,8.700000000000001,1962
52,melilla,2025-01,14.303225806451612,41.8,1963
52,melilla,2025-02,14.35,48.0,1964
52,melilla,2025-03,15.774193548387096,81.8,1965
52,melilla,2025-04,17.526666666666664,35.3,1966
52,melilla,2025-05,19.948387096774194,25.4,1967
52,melilla,2025-06,24.33,1.3,1968
52,melilla,2025-07,26.051612903225806,4.9,1969
52,melilla,2025-08,26.25483870967742,0.4,1970
52,melilla,2025-09,23.87,6.3,1971
52,melilla,2025-10,22.003225806451614,18.2,1972
52,melilla,2025-11,17.646666666666665,43.6,1973
52,melilla,2025-12,14.27741935483871,128.3,1974
52,melilla,2026-01,14.296774193548387,71.1,1975
52,melilla,2026-02,15.6,0.3,1976
